id,titulo,autor,anio,anio_muerte,tipo,accion,ES,ES_libre_en,DE,DE_libre_en,MX,MX_libre_en,CL,CL_libre_en,AR,AR_libre_en,UY,UY_libre_en,US,US_libre_en,PR,PR_libre_en,CO,CO_libre_en,PE,PE_libre_en,EC,EC_libre_en,VE,VE_libre_en,NI,NI_libre_en,PY,PY_libre_en,CR,CR_libre_en,GB,GB_libre_en,CU,CU_libre_en,BO,BO_libre_en,SV,SV_libre_en,FR,FR_libre_en
1,Don Quijote de la Mancha,Miguel de Cervantes,1605,1616,Dominio público,PUBLICAR,LIBRE,,LIBRE,,LIBRE,,LIBRE,,LIBRE,,LIBRE,,LIBRE,,LIBRE,,LIBRE,,LIBRE,,LIBRE,,LIBRE,,LIBRE,,LIBRE,,LIBRE,,LIBRE,,LIBRE,,LIBRE,,LIBRE,,LIBRE,
2,El Gaucho Martín Fierro,José Hernández,1872,1886,Dominio público,PUBLICAR,LIBRE,,LIBRE,,LIBRE,,LIBRE,,LIBRE,,LIBRE,,LIBRE,,LIBRE,,LIBRE,,LIBRE,,LIBRE,,LIBRE,,LIBRE,,LIBRE,,LIBRE,,LIBRE,,LIBRE,,LIBRE,,LIBRE,,LIBRE,
3,Rimas,Gustavo Adolfo Bécquer,1871,1870,Dominio público,PUBLICAR,LIBRE,,LIBRE,,LIBRE,,LIBRE,,LIBRE,,LIBRE,,LIBRE,,LIBRE,,LIBRE,,LIBRE,,LIBRE,,LIBRE,,LIBRE,,LIBRE,,LIBRE,,LIBRE,,LIBRE,,LIBRE,,LIBRE,,LIBRE,
4,La Regenta,"Leopoldo Alas ""Clarín""",1884,1901,Dominio público,PUBLICAR,LIBRE,,LIBRE,,LIBRE,,LIBRE,,LIBRE,,LIBRE,,LIBRE,,LIBRE,,LIBRE,,LIBRE,,LIBRE,,LIBRE,,LIBRE,,LIBRE,,LIBRE,,LIBRE,,LIBRE,,LIBRE,,LIBRE,,LIBRE,
5,Fortunata y Jacinta,Benito Pérez Galdós,1887,1920,Dominio público,PUBLICAR,LIBRE,,LIBRE,,LIBRE,,LIBRE,,LIBRE,,LIBRE,,LIBRE,,LIBRE,,LIBRE,,LIBRE,,LIBRE,,LIBRE,,LIBRE,,LIBRE,,LIBRE,,LIBRE,,LIBRE,,LIBRE,,LIBRE,,LIBRE,
6,Facundo. Civilización y barbarie,Domingo F. Sarmiento,1845,,Dominio público,PUBLICAR,LIBRE,,LIBRE,,LIBRE,,LIBRE,,LIBRE,,LIBRE,,LIBRE,,LIBRE,,LIBRE,,LIBRE,,LIBRE,,LIBRE,,LIBRE,,LIBRE,,LIBRE,,LIBRE,,LIBRE,,LIBRE,,LIBRE,,LIBRE,
7,María,Jorge Isaacs,1867,1895,Dominio público,PUBLICAR,LIBRE,,LIBRE,,LIBRE,,LIBRE,,LIBRE,,LIBRE,,LIBRE,,LIBRE,,LIBRE,,LIBRE,,LIBRE,,LIBRE,,LIBRE,,LIBRE,,LIBRE,,LIBRE,,LIBRE,,LIBRE,,LIBRE,,LIBRE,
8,Cecilia Valdés,Cirilo Villaverde,1882,,Dominio público,REVISAR,REVISAR,,REVISAR,,REVISAR,,REVISAR,,REVISAR,,REVISAR,,LIBRE,,LIBRE,,REVISAR,,REVISAR,,REVISAR,,REVISAR,,REVISAR,,REVISAR,,REVISAR,,REVISAR,,REVISAR,,REVISAR,,REVISAR,,REVISAR,
9,El Matadero,Esteban Echeverría,1871,1851,Dominio público,PUBLICAR,LIBRE,,LIBRE,,LIBRE,,LIBRE,,LIBRE,,LIBRE,,LIBRE,,LIBRE,,LIBRE,,LIBRE,,LIBRE,,LIBRE,,LIBRE,,LIBRE,,LIBRE,,LIBRE,,LIBRE,,LIBRE,,LIBRE,,LIBRE,
10,Cuentos de amor de locura y de muerte,Horacio Quiroga,1917,1937,Dominio público,GEOBLOQUEAR:MX,LIBRE,,LIBRE,,PROTEGIDO,2038,LIBRE,,LIBRE,,LIBRE,,LIBRE,,LIBRE,,LIBRE,,LIBRE,,LIBRE,,LIBRE,,LIBRE,,LIBRE,,LIBRE,,LIBRE,,LIBRE,,LIBRE,,LIBRE,,LIBRE,
11,Romancero gitano,Federico García Lorca,1928,1936,Dominio público,GEOBLOQUEAR:MX,LIBRE,,LIBRE,,PROTEGIDO,2037,LIBRE,,LIBRE,,LIBRE,,LIBRE,,LIBRE,,LIBRE,,LIBRE,,LIBRE,,LIBRE,,LIBRE,,LIBRE,,LIBRE,,LIBRE,,LIBRE,,LIBRE,,LIBRE,,LIBRE,
12,Bodas de sangre,Federico García Lorca,1932,1936,Dominio público,"GEOBLOQUEAR:MX,PR,US",LIBRE,,LIBRE,,PROTEGIDO,2037,LIBRE,,LIBRE,,LIBRE,,REVISAR,,REVISAR,,LIBRE,,LIBRE,,LIBRE,,LIBRE,,LIBRE,,LIBRE,,LIBRE,,LIBRE,,LIBRE,,LIBRE,,LIBRE,,LIBRE,
14,Azul...,Rubén Darío,1888,1916,Dominio público,PUBLICAR,LIBRE,,LIBRE,,LIBRE,,LIBRE,,LIBRE,,LIBRE,,LIBRE,,LIBRE,,LIBRE,,LIBRE,,LIBRE,,LIBRE,,LIBRE,,LIBRE,,LIBRE,,LIBRE,,LIBRE,,LIBRE,,LIBRE,,LIBRE,
15,Versos sencillos,José Martí,1891,1895,Dominio público,PUBLICAR,LIBRE,,LIBRE,,LIBRE,,LIBRE,,LIBRE,,LIBRE,,LIBRE,,LIBRE,,LIBRE,,LIBRE,,LIBRE,,LIBRE,,LIBRE,,LIBRE,,LIBRE,,LIBRE,,LIBRE,,LIBRE,,LIBRE,,LIBRE,
16,Tradiciones peruanas (primera serie),Ricardo Palma,1872,1919,Dominio público,PUBLICAR,LIBRE,,LIBRE,,LIBRE,,LIBRE,,LIBRE,,LIBRE,,LIBRE,,LIBRE,,LIBRE,,LIBRE,,LIBRE,,LIBRE,,LIBRE,,LIBRE,,LIBRE,,LIBRE,,LIBRE,,LIBRE,,LIBRE,,LIBRE,
17,Cuentos de la selva,Horacio Quiroga,1918,1937,Dominio público,GEOBLOQUEAR:MX,LIBRE,,LIBRE,,PROTEGIDO,2038,LIBRE,,LIBRE,,LIBRE,,LIBRE,,LIBRE,,LIBRE,,LIBRE,,LIBRE,,LIBRE,,LIBRE,,LIBRE,,LIBRE,,LIBRE,,LIBRE,,LIBRE,,LIBRE,,LIBRE,
18,Poesías,Delmira Agustini,1913,1914,Dominio público,PUBLICAR,LIBRE,,LIBRE,,LIBRE,,LIBRE,,LIBRE,,LIBRE,,LIBRE,,LIBRE,,LIBRE,,LIBRE,,LIBRE,,LIBRE,,LIBRE,,LIBRE,,LIBRE,,LIBRE,,LIBRE,,LIBRE,,LIBRE,,LIBRE,
20,Los pazos de Ulloa,Emilia Pardo Bazán,1886,1921,Dominio público,PUBLICAR,LIBRE,,LIBRE,,LIBRE,,LIBRE,,LIBRE,,LIBRE,,LIBRE,,LIBRE,,LIBRE,,LIBRE,,LIBRE,,LIBRE,,LIBRE,,LIBRE,,LIBRE,,LIBRE,,LIBRE,,LIBRE,,LIBRE,,LIBRE,
22,Niebla,Miguel de Unamuno,1914,1936,Dominio público,GEOBLOQUEAR:MX,LIBRE,,LIBRE,,PROTEGIDO,2037,LIBRE,,LIBRE,,LIBRE,,LIBRE,,LIBRE,,LIBRE,,LIBRE,,LIBRE,,LIBRE,,LIBRE,,LIBRE,,LIBRE,,LIBRE,,LIBRE,,LIBRE,,LIBRE,,LIBRE,
23,Soledades,Antonio Machado,1903,1939,Dominio público,GEOBLOQUEAR:MX,LIBRE,,LIBRE,,PROTEGIDO,2040,LIBRE,,LIBRE,,LIBRE,,LIBRE,,LIBRE,,LIBRE,,LIBRE,,LIBRE,,LIBRE,,LIBRE,,LIBRE,,LIBRE,,LIBRE,,LIBRE,,LIBRE,,LIBRE,,LIBRE,
24,Cuentos frágiles,Manuel Gutiérrez Nájera,1883,1895,Dominio público,PUBLICAR,LIBRE,,LIBRE,,LIBRE,,LIBRE,,LIBRE,,LIBRE,,LIBRE,,LIBRE,,LIBRE,,LIBRE,,LIBRE,,LIBRE,,LIBRE,,LIBRE,,LIBRE,,LIBRE,,LIBRE,,LIBRE,,LIBRE,,LIBRE,
100,"Física universitaria, volumen 1","Samuel J. Ling, Jeff Sanny, William Moebs (OpenStax)",2016,,Libre acceso (CC BY 4.0),REVISAR,REVISAR,,REVISAR,,REVISAR,,REVISAR,,REVISAR,,REVISAR,,REVISAR,,REVISAR,,REVISAR,,REVISAR,,REVISAR,,REVISAR,,REVISAR,,REVISAR,,REVISAR,,REVISAR,,REVISAR,,REVISAR,,REVISAR,,REVISAR,
101,"Física universitaria, volumen 2","Samuel J. Ling, Jeff Sanny, William Moebs (OpenStax)",2016,,Libre acceso (CC BY 4.0),REVISAR,REVISAR,,REVISAR,,REVISAR,,REVISAR,,REVISAR,,REVISAR,,REVISAR,,REVISAR,,REVISAR,,REVISAR,,REVISAR,,REVISAR,,REVISAR,,REVISAR,,REVISAR,,REVISAR,,REVISAR,,REVISAR,,REVISAR,,REVISAR,
102,"Física universitaria, volumen 3","Samuel J. Ling, Jeff Sanny, William Moebs (OpenStax)",2016,,Libre acceso (CC BY 4.0),REVISAR,REVISAR,,REVISAR,,REVISAR,,REVISAR,,REVISAR,,REVISAR,,REVISAR,,REVISAR,,REVISAR,,REVISAR,,REVISAR,,REVISAR,,REVISAR,,REVISAR,,REVISAR,,REVISAR,,REVISAR,,REVISAR,,REVISAR,,REVISAR,
103,Química 2ed,OpenStax,2019,,Libre acceso (CC BY 4.0),REVISAR,REVISAR,,REVISAR,,REVISAR,,REVISAR,,REVISAR,,REVISAR,,REVISAR,,REVISAR,,REVISAR,,REVISAR,,REVISAR,,REVISAR,,REVISAR,,REVISAR,,REVISAR,,REVISAR,,REVISAR,,REVISAR,,REVISAR,,REVISAR,
104,Cálculo (OpenStax),OpenStax,2016,,Libre acceso (CC BY 4.0),REVISAR,REVISAR,,REVISAR,,REVISAR,,REVISAR,,REVISAR,,REVISAR,,REVISAR,,REVISAR,,REVISAR,,REVISAR,,REVISAR,,REVISAR,,REVISAR,,REVISAR,,REVISAR,,REVISAR,,REVISAR,,REVISAR,,REVISAR,,REVISAR,
105,Conceptos en Biología (OpenStax),OpenStax,2018,,Libre acceso (CC BY 4.0),REVISAR,REVISAR,,REVISAR,,REVISAR,,REVISAR,,REVISAR,,REVISAR,,REVISAR,,REVISAR,,REVISAR,,REVISAR,,REVISAR,,REVISAR,,REVISAR,,REVISAR,,REVISAR,,REVISAR,,REVISAR,,REVISAR,,REVISAR,,REVISAR,
106,"Química General (OpenStax, vía LibreTexts español)",OpenStax,2019,,Libre acceso (CC BY 4.0),REVISAR,REVISAR,,REVISAR,,REVISAR,,REVISAR,,REVISAR,,REVISAR,,REVISAR,,REVISAR,,REVISAR,,REVISAR,,REVISAR,,REVISAR,,REVISAR,,REVISAR,,REVISAR,,REVISAR,,REVISAR,,REVISAR,,REVISAR,,REVISAR,
107,Revista Chilena de Historia Natural,Sociedad de Biología de Chile,2020,,Acceso abierto (verificar licencia por artículo),REVISAR,REVISAR,,REVISAR,,REVISAR,,REVISAR,,REVISAR,,REVISAR,,REVISAR,,REVISAR,,REVISAR,,REVISAR,,REVISAR,,REVISAR,,REVISAR,,REVISAR,,REVISAR,,REVISAR,,REVISAR,,REVISAR,,REVISAR,,REVISAR,
108,Revista Médica de Chile,Sociedad Médica de Santiago,2020,,Acceso abierto (verificar licencia por artículo),REVISAR,REVISAR,,REVISAR,,REVISAR,,REVISAR,,REVISAR,,REVISAR,,REVISAR,,REVISAR,,REVISAR,,REVISAR,,REVISAR,,REVISAR,,REVISAR,,REVISAR,,REVISAR,,REVISAR,,REVISAR,,REVISAR,,REVISAR,,REVISAR,
109,Repositorio ANID — acceso abierto,Agencia Nacional de Investigación y Desarrollo (Chile),2022,,Acceso abierto por mandato legal,REVISAR,REVISAR,,REVISAR,,REVISAR,,REVISAR,,REVISAR,,REVISAR,,REVISAR,,REVISAR,,REVISAR,,REVISAR,,REVISAR,,REVISAR,,REVISAR,,REVISAR,,REVISAR,,REVISAR,,REVISAR,,REVISAR,,REVISAR,,REVISAR,
200,Leo Primero,Ministerio de Educación de Chile (MINEDUC),2023,,Descarga liberada para la ciudadanía,REVISAR,REVISAR,,REVISAR,,REVISAR,,REVISAR,,REVISAR,,REVISAR,,REVISAR,,REVISAR,,REVISAR,,REVISAR,,REVISAR,,REVISAR,,REVISAR,,REVISAR,,REVISAR,,REVISAR,,REVISAR,,REVISAR,,REVISAR,,REVISAR,
201,Sumo Primero,Ministerio de Educación de Chile (MINEDUC),2023,,Descarga liberada para la ciudadanía,REVISAR,REVISAR,,REVISAR,,REVISAR,,REVISAR,,REVISAR,,REVISAR,,REVISAR,,REVISAR,,REVISAR,,REVISAR,,REVISAR,,REVISAR,,REVISAR,,REVISAR,,REVISAR,,REVISAR,,REVISAR,,REVISAR,,REVISAR,,REVISAR,
202,Martín Rivas,Alberto Blest Gana,1862,1920,Dominio público,PUBLICAR,LIBRE,,LIBRE,,LIBRE,,LIBRE,,LIBRE,,LIBRE,,LIBRE,,LIBRE,,LIBRE,,LIBRE,,LIBRE,,LIBRE,,LIBRE,,LIBRE,,LIBRE,,LIBRE,,LIBRE,,LIBRE,,LIBRE,,LIBRE,
203,Sub terra,Baldomero Lillo,1917,1923,Dominio público,PUBLICAR,LIBRE,,LIBRE,,LIBRE,,LIBRE,,LIBRE,,LIBRE,,LIBRE,,LIBRE,,LIBRE,,LIBRE,,LIBRE,,LIBRE,,LIBRE,,LIBRE,,LIBRE,,LIBRE,,LIBRE,,LIBRE,,LIBRE,,LIBRE,
207,Himno Nacional de Chile (letra),"Eusebio Lillo Robles (versos), Bernardo de Vera y Pintado (coro)",1847,,Dominio público,PUBLICAR,LIBRE,,LIBRE,,LIBRE,,LIBRE,,LIBRE,,LIBRE,,LIBRE,,LIBRE,,LIBRE,,LIBRE,,LIBRE,,LIBRE,,LIBRE,,LIBRE,,LIBRE,,LIBRE,,LIBRE,,LIBRE,,LIBRE,,LIBRE,
208,Recuerdos del pasado,Vicente Pérez Rosales,1886,,Dominio público,REVISAR,REVISAR,,REVISAR,,REVISAR,,REVISAR,,REVISAR,,REVISAR,,LIBRE,,LIBRE,,REVISAR,,REVISAR,,REVISAR,,REVISAR,,REVISAR,,REVISAR,,REVISAR,,REVISAR,,REVISAR,,REVISAR,,REVISAR,,REVISAR,
209,Ifigenia,Teresa de la Parra,1924,1936,Dominio público,GEOBLOQUEAR:MX,LIBRE,,LIBRE,,PROTEGIDO,2037,LIBRE,,LIBRE,,LIBRE,,LIBRE,,LIBRE,,LIBRE,,LIBRE,,LIBRE,,LIBRE,,LIBRE,,LIBRE,,LIBRE,,LIBRE,,LIBRE,,LIBRE,,LIBRE,,LIBRE,
210,Cumandá,Juan León Mera,1879,,Dominio público,REVISAR,REVISAR,,REVISAR,,REVISAR,,REVISAR,,REVISAR,,REVISAR,,LIBRE,,LIBRE,,REVISAR,,REVISAR,,REVISAR,,REVISAR,,REVISAR,,REVISAR,,REVISAR,,REVISAR,,REVISAR,,REVISAR,,REVISAR,,REVISAR,
211,Siete tratados,Juan Montalvo,1882,1889,Dominio público,PUBLICAR,LIBRE,,LIBRE,,LIBRE,,LIBRE,,LIBRE,,LIBRE,,LIBRE,,LIBRE,,LIBRE,,LIBRE,,LIBRE,,LIBRE,,LIBRE,,LIBRE,,LIBRE,,LIBRE,,LIBRE,,LIBRE,,LIBRE,,LIBRE,
212,English First,Ministerio de Educación de Chile (MINEDUC),2023,,Descarga liberada para la ciudadanía,REVISAR,REVISAR,,REVISAR,,REVISAR,,REVISAR,,REVISAR,,REVISAR,,REVISAR,,REVISAR,,REVISAR,,REVISAR,,REVISAR,,REVISAR,,REVISAR,,REVISAR,,REVISAR,,REVISAR,,REVISAR,,REVISAR,,REVISAR,,REVISAR,
213,Juego Primero,Ministerio de Educación de Chile (MINEDUC),2023,,Descarga liberada para la ciudadanía,REVISAR,REVISAR,,REVISAR,,REVISAR,,REVISAR,,REVISAR,,REVISAR,,REVISAR,,REVISAR,,REVISAR,,REVISAR,,REVISAR,,REVISAR,,REVISAR,,REVISAR,,REVISAR,,REVISAR,,REVISAR,,REVISAR,,REVISAR,,REVISAR,
214,Narraciones Extraordinarias,Edgar Allan Poe,1908,,Biblioteca de descarga liberada (MINEDUC),REVISAR,REVISAR,,REVISAR,,REVISAR,,REVISAR,,REVISAR,,REVISAR,,LIBRE,,LIBRE,,REVISAR,,REVISAR,,REVISAR,,REVISAR,,REVISAR,,REVISAR,,REVISAR,,REVISAR,,REVISAR,,REVISAR,,REVISAR,,REVISAR,
215,Malena,Antonella Reveco Spalloni,2020,,Biblioteca de descarga liberada (MINEDUC),REVISAR,REVISAR,,REVISAR,,REVISAR,,REVISAR,,REVISAR,,REVISAR,,REVISAR,,REVISAR,,REVISAR,,REVISAR,,REVISAR,,REVISAR,,REVISAR,,REVISAR,,REVISAR,,REVISAR,,REVISAR,,REVISAR,,REVISAR,,REVISAR,
216,Historia de la aviación en Chile,Enrique Flores Álvarez,1930,,Biblioteca de descarga liberada (MINEDUC),REVISAR,REVISAR,,REVISAR,,REVISAR,,REVISAR,,REVISAR,,REVISAR,,LIBRE,,LIBRE,,REVISAR,,REVISAR,,REVISAR,,REVISAR,,REVISAR,,REVISAR,,REVISAR,,REVISAR,,REVISAR,,REVISAR,,REVISAR,,REVISAR,
217,Ensayo de una bibliografía dramática chilena,Nicolás Anrique R.,1899,,Biblioteca de descarga liberada (MINEDUC),REVISAR,REVISAR,,REVISAR,,REVISAR,,REVISAR,,REVISAR,,REVISAR,,LIBRE,,LIBRE,,REVISAR,,REVISAR,,REVISAR,,REVISAR,,REVISAR,,REVISAR,,REVISAR,,REVISAR,,REVISAR,,REVISAR,,REVISAR,,REVISAR,
218,Mis memorias,"Carmen Smith de Espinosa (Smith Canales, Carmen)",1936,,Dominio público (Patrimonio Cultural Común),REVISAR,REVISAR,,REVISAR,,REVISAR,,REVISAR,,REVISAR,,REVISAR,,REVISAR,,REVISAR,,REVISAR,,REVISAR,,REVISAR,,REVISAR,,REVISAR,,REVISAR,,REVISAR,,REVISAR,,REVISAR,,REVISAR,,REVISAR,,REVISAR,
219,Clases de astronomía: profesadas en la Universidad de Santiago de Chile,Friedrich Wilhelm Ristenpart,1912,,Dominio público (Patrimonio Cultural Común),REVISAR,REVISAR,,REVISAR,,REVISAR,,REVISAR,,REVISAR,,REVISAR,,LIBRE,,LIBRE,,REVISAR,,REVISAR,,REVISAR,,REVISAR,,REVISAR,,REVISAR,,REVISAR,,REVISAR,,REVISAR,,REVISAR,,REVISAR,,REVISAR,
220,Peces nuevos de Chile,Rodolfo Amando Philippi,1896,,Dominio público (Patrimonio Cultural Común),REVISAR,REVISAR,,REVISAR,,REVISAR,,REVISAR,,REVISAR,,REVISAR,,LIBRE,,LIBRE,,REVISAR,,REVISAR,,REVISAR,,REVISAR,,REVISAR,,REVISAR,,REVISAR,,REVISAR,,REVISAR,,REVISAR,,REVISAR,,REVISAR,
221,Viage al Desierto de Atacama: hecho de orden del gobierno de Chile en el verano 1853-54,Rodolfo Amando Philippi,1860,,Dominio público (Patrimonio Cultural Común),REVISAR,REVISAR,,REVISAR,,REVISAR,,REVISAR,,REVISAR,,REVISAR,,LIBRE,,LIBRE,,REVISAR,,REVISAR,,REVISAR,,REVISAR,,REVISAR,,REVISAR,,REVISAR,,REVISAR,,REVISAR,,REVISAR,,REVISAR,,REVISAR,
222,El origen de las especies por medio de la selección natural,Charles Darwin,1921,1882,Dominio público (Patrimonio Cultural Común),PUBLICAR,LIBRE,,LIBRE,,LIBRE,,LIBRE,,LIBRE,,LIBRE,,LIBRE,,LIBRE,,LIBRE,,LIBRE,,LIBRE,,LIBRE,,LIBRE,,LIBRE,,LIBRE,,LIBRE,,LIBRE,,LIBRE,,LIBRE,,LIBRE,
223,Jeolojía de la América Meridional,Charles Darwin,1906,1882,Dominio público (Patrimonio Cultural Común),PUBLICAR,LIBRE,,LIBRE,,LIBRE,,LIBRE,,LIBRE,,LIBRE,,LIBRE,,LIBRE,,LIBRE,,LIBRE,,LIBRE,,LIBRE,,LIBRE,,LIBRE,,LIBRE,,LIBRE,,LIBRE,,LIBRE,,LIBRE,,LIBRE,
224,Viaje de un naturalista alrededor del mundo,Charles Darwin,1945,1882,Dominio público (Patrimonio Cultural Común),"GEOBLOQUEAR:PR,US",LIBRE,,LIBRE,,LIBRE,,LIBRE,,LIBRE,,LIBRE,,REVISAR,,REVISAR,,LIBRE,,LIBRE,,LIBRE,,LIBRE,,LIBRE,,LIBRE,,LIBRE,,LIBRE,,LIBRE,,LIBRE,,LIBRE,,LIBRE,
225,Revista Colombiana de Química,"Universidad Nacional de Colombia, Facultad de Ciencias",1971,,Acceso abierto (CC BY 3.0),REVISAR,REVISAR,,REVISAR,,REVISAR,,REVISAR,,REVISAR,,REVISAR,,REVISAR,,REVISAR,,REVISAR,,REVISAR,,REVISAR,,REVISAR,,REVISAR,,REVISAR,,REVISAR,,REVISAR,,REVISAR,,REVISAR,,REVISAR,,REVISAR,
226,Poesía completa (selección en Wikisource),Sor Juana Inés de la Cruz,1689,,Dominio público,PUBLICAR,LIBRE,,LIBRE,,LIBRE,,LIBRE,,LIBRE,,LIBRE,,LIBRE,,LIBRE,,LIBRE,,LIBRE,,LIBRE,,LIBRE,,LIBRE,,LIBRE,,LIBRE,,LIBRE,,LIBRE,,LIBRE,,LIBRE,,LIBRE,
227,Los heraldos negros,César Vallejo,1918,1938,Dominio público,GEOBLOQUEAR:MX,LIBRE,,LIBRE,,PROTEGIDO,2039,LIBRE,,LIBRE,,LIBRE,,LIBRE,,LIBRE,,LIBRE,,LIBRE,,LIBRE,,LIBRE,,LIBRE,,LIBRE,,LIBRE,,LIBRE,,LIBRE,,LIBRE,,LIBRE,,LIBRE,
228,Los Astros del Abismo,Delmira Agustini,1924,1914,Dominio público,PUBLICAR,LIBRE,,LIBRE,,LIBRE,,LIBRE,,LIBRE,,LIBRE,,LIBRE,,LIBRE,,LIBRE,,LIBRE,,LIBRE,,LIBRE,,LIBRE,,LIBRE,,LIBRE,,LIBRE,,LIBRE,,LIBRE,,LIBRE,,LIBRE,
229,Antología,Delmira Agustini,1965,1914,Dominio público,"GEOBLOQUEAR:PR,US",LIBRE,,LIBRE,,LIBRE,,LIBRE,,LIBRE,,LIBRE,,REVISAR,,REVISAR,,LIBRE,,LIBRE,,LIBRE,,LIBRE,,LIBRE,,LIBRE,,LIBRE,,LIBRE,,LIBRE,,LIBRE,,LIBRE,,LIBRE,
230,Languidez: versos,Alfonsina Storni,1920,1938,Dominio público,GEOBLOQUEAR:MX,LIBRE,,LIBRE,,PROTEGIDO,2039,LIBRE,,LIBRE,,LIBRE,,LIBRE,,LIBRE,,LIBRE,,LIBRE,,LIBRE,,LIBRE,,LIBRE,,LIBRE,,LIBRE,,LIBRE,,LIBRE,,LIBRE,,LIBRE,,LIBRE,
231,El dulce daño,Alfonsina Storni,1918,1938,Dominio público,GEOBLOQUEAR:MX,LIBRE,,LIBRE,,PROTEGIDO,2039,LIBRE,,LIBRE,,LIBRE,,LIBRE,,LIBRE,,LIBRE,,LIBRE,,LIBRE,,LIBRE,,LIBRE,,LIBRE,,LIBRE,,LIBRE,,LIBRE,,LIBRE,,LIBRE,,LIBRE,
232,Poemas de amor,Alfonsina Storni,1926,1938,Dominio público,GEOBLOQUEAR:MX,LIBRE,,LIBRE,,PROTEGIDO,2039,LIBRE,,LIBRE,,LIBRE,,LIBRE,,LIBRE,,LIBRE,,LIBRE,,LIBRE,,LIBRE,,LIBRE,,LIBRE,,LIBRE,,LIBRE,,LIBRE,,LIBRE,,LIBRE,,LIBRE,
234,Sangre y arena,Vicente Blasco Ibáñez,1908,1928,Dominio público,GEOBLOQUEAR:MX,LIBRE,,LIBRE,,PROTEGIDO,2029,LIBRE,,LIBRE,,LIBRE,,LIBRE,,LIBRE,,LIBRE,,LIBRE,,LIBRE,,LIBRE,,LIBRE,,LIBRE,,LIBRE,,LIBRE,,LIBRE,,LIBRE,,LIBRE,,LIBRE,
235,La reina Calafia,Vicente Blasco Ibáñez,1923,1928,Dominio público,GEOBLOQUEAR:MX,LIBRE,,LIBRE,,PROTEGIDO,2029,LIBRE,,LIBRE,,LIBRE,,LIBRE,,LIBRE,,LIBRE,,LIBRE,,LIBRE,,LIBRE,,LIBRE,,LIBRE,,LIBRE,,LIBRE,,LIBRE,,LIBRE,,LIBRE,,LIBRE,
236,Los cuatro jinetes del Apocalipsis,Vicente Blasco Ibáñez,1919,1928,Dominio público,GEOBLOQUEAR:MX,LIBRE,,LIBRE,,PROTEGIDO,2029,LIBRE,,LIBRE,,LIBRE,,LIBRE,,LIBRE,,LIBRE,,LIBRE,,LIBRE,,LIBRE,,LIBRE,,LIBRE,,LIBRE,,LIBRE,,LIBRE,,LIBRE,,LIBRE,,LIBRE,
237,Argentina y sus grandezas,Vicente Blasco Ibáñez,1910,1928,Dominio público,GEOBLOQUEAR:MX,LIBRE,,LIBRE,,PROTEGIDO,2029,LIBRE,,LIBRE,,LIBRE,,LIBRE,,LIBRE,,LIBRE,,LIBRE,,LIBRE,,LIBRE,,LIBRE,,LIBRE,,LIBRE,,LIBRE,,LIBRE,,LIBRE,,LIBRE,,LIBRE,
238,El intruso,Vicente Blasco Ibáñez,1924,1928,Dominio público,GEOBLOQUEAR:MX,LIBRE,,LIBRE,,PROTEGIDO,2029,LIBRE,,LIBRE,,LIBRE,,LIBRE,,LIBRE,,LIBRE,,LIBRE,,LIBRE,,LIBRE,,LIBRE,,LIBRE,,LIBRE,,LIBRE,,LIBRE,,LIBRE,,LIBRE,,LIBRE,
240,El militarismo mejicano,Vicente Blasco Ibáñez,1920,1928,Dominio público,GEOBLOQUEAR:MX,LIBRE,,LIBRE,,PROTEGIDO,2029,LIBRE,,LIBRE,,LIBRE,,LIBRE,,LIBRE,,LIBRE,,LIBRE,,LIBRE,,LIBRE,,LIBRE,,LIBRE,,LIBRE,,LIBRE,,LIBRE,,LIBRE,,LIBRE,,LIBRE,
241,La catedral,Vicente Blasco Ibáñez,1916,1928,Dominio público,GEOBLOQUEAR:MX,LIBRE,,LIBRE,,PROTEGIDO,2029,LIBRE,,LIBRE,,LIBRE,,LIBRE,,LIBRE,,LIBRE,,LIBRE,,LIBRE,,LIBRE,,LIBRE,,LIBRE,,LIBRE,,LIBRE,,LIBRE,,LIBRE,,LIBRE,,LIBRE,
242,Cartografía de México y el mundo,Secretaría de Educación Pública (SEP) / CONALITEG,2025,,Distribución gratuita nacional,REVISAR,REVISAR,,REVISAR,,REVISAR,,REVISAR,,REVISAR,,REVISAR,,REVISAR,,REVISAR,,REVISAR,,REVISAR,,REVISAR,,REVISAR,,REVISAR,,REVISAR,,REVISAR,,REVISAR,,REVISAR,,REVISAR,,REVISAR,,REVISAR,
243,Historia del pueblo mexicano,Secretaría de Educación Pública (SEP) / CONALITEG,2025,,Distribución gratuita nacional,REVISAR,REVISAR,,REVISAR,,REVISAR,,REVISAR,,REVISAR,,REVISAR,,REVISAR,,REVISAR,,REVISAR,,REVISAR,,REVISAR,,REVISAR,,REVISAR,,REVISAR,,REVISAR,,REVISAR,,REVISAR,,REVISAR,,REVISAR,,REVISAR,
244,Colección Ximhai. Saberes y pensamiento científico,Secretaría de Educación Pública (SEP) / CONALITEG,2025,,Distribución gratuita nacional,REVISAR,REVISAR,,REVISAR,,REVISAR,,REVISAR,,REVISAR,,REVISAR,,REVISAR,,REVISAR,,REVISAR,,REVISAR,,REVISAR,,REVISAR,,REVISAR,,REVISAR,,REVISAR,,REVISAR,,REVISAR,,REVISAR,,REVISAR,,REVISAR,
245,Gramática de la lengua castellana destinada al uso de los americanos,Andrés Bello,1847,,Dominio público,PUBLICAR,LIBRE,,LIBRE,,LIBRE,,LIBRE,,LIBRE,,LIBRE,,LIBRE,,LIBRE,,LIBRE,,LIBRE,,LIBRE,,LIBRE,,LIBRE,,LIBRE,,LIBRE,,LIBRE,,LIBRE,,LIBRE,,LIBRE,,LIBRE,
246,Sub sole,Baldomero Lillo,1907,1923,Dominio público,PUBLICAR,LIBRE,,LIBRE,,LIBRE,,LIBRE,,LIBRE,,LIBRE,,LIBRE,,LIBRE,,LIBRE,,LIBRE,,LIBRE,,LIBRE,,LIBRE,,LIBRE,,LIBRE,,LIBRE,,LIBRE,,LIBRE,,LIBRE,,LIBRE,
247,El Loco Estero,Alberto Blest Gana,1909,1920,Dominio público,PUBLICAR,LIBRE,,LIBRE,,LIBRE,,LIBRE,,LIBRE,,LIBRE,,LIBRE,,LIBRE,,LIBRE,,LIBRE,,LIBRE,,LIBRE,,LIBRE,,LIBRE,,LIBRE,,LIBRE,,LIBRE,,LIBRE,,LIBRE,,LIBRE,
248,Mariluán,Alberto Blest Gana,1862,1920,Dominio público,PUBLICAR,LIBRE,,LIBRE,,LIBRE,,LIBRE,,LIBRE,,LIBRE,,LIBRE,,LIBRE,,LIBRE,,LIBRE,,LIBRE,,LIBRE,,LIBRE,,LIBRE,,LIBRE,,LIBRE,,LIBRE,,LIBRE,,LIBRE,,LIBRE,
249,Gladys Fairfield,Alberto Blest Gana,1912,1920,Dominio público,PUBLICAR,LIBRE,,LIBRE,,LIBRE,,LIBRE,,LIBRE,,LIBRE,,LIBRE,,LIBRE,,LIBRE,,LIBRE,,LIBRE,,LIBRE,,LIBRE,,LIBRE,,LIBRE,,LIBRE,,LIBRE,,LIBRE,,LIBRE,,LIBRE,
250,La Venganza,Alberto Blest Gana,1861,1920,Dominio público,PUBLICAR,LIBRE,,LIBRE,,LIBRE,,LIBRE,,LIBRE,,LIBRE,,LIBRE,,LIBRE,,LIBRE,,LIBRE,,LIBRE,,LIBRE,,LIBRE,,LIBRE,,LIBRE,,LIBRE,,LIBRE,,LIBRE,,LIBRE,,LIBRE,
251,Un Día de Campo,Alberto Blest Gana,1859,1920,Dominio público,PUBLICAR,LIBRE,,LIBRE,,LIBRE,,LIBRE,,LIBRE,,LIBRE,,LIBRE,,LIBRE,,LIBRE,,LIBRE,,LIBRE,,LIBRE,,LIBRE,,LIBRE,,LIBRE,,LIBRE,,LIBRE,,LIBRE,,LIBRE,,LIBRE,
252,Bajo la Tienda,Daniel Riquelme,1896,1912,Dominio público,PUBLICAR,LIBRE,,LIBRE,,LIBRE,,LIBRE,,LIBRE,,LIBRE,,LIBRE,,LIBRE,,LIBRE,,LIBRE,,LIBRE,,LIBRE,,LIBRE,,LIBRE,,LIBRE,,LIBRE,,LIBRE,,LIBRE,,LIBRE,,LIBRE,
253,Días de Campo,Federico Gana,1916,1926,Dominio público,GEOBLOQUEAR:MX,LIBRE,,LIBRE,,PROTEGIDO,2027,LIBRE,,LIBRE,,LIBRE,,LIBRE,,LIBRE,,LIBRE,,LIBRE,,LIBRE,,LIBRE,,LIBRE,,LIBRE,,LIBRE,,LIBRE,,LIBRE,,LIBRE,,LIBRE,,LIBRE,
254,Antaño i Hogaño,José Victorino Lastarria,1885,1888,Dominio público,PUBLICAR,LIBRE,,LIBRE,,LIBRE,,LIBRE,,LIBRE,,LIBRE,,LIBRE,,LIBRE,,LIBRE,,LIBRE,,LIBRE,,LIBRE,,LIBRE,,LIBRE,,LIBRE,,LIBRE,,LIBRE,,LIBRE,,LIBRE,,LIBRE,
255,Cuentos completos,Baldomero Lillo,1904-1923,1923,Dominio público,PUBLICAR,LIBRE,,LIBRE,,LIBRE,,LIBRE,,LIBRE,,LIBRE,,LIBRE,,LIBRE,,LIBRE,,LIBRE,,LIBRE,,LIBRE,,LIBRE,,LIBRE,,LIBRE,,LIBRE,,LIBRE,,LIBRE,,LIBRE,,LIBRE,
256,La Araucana,Alonso de Ercilla,1589,,Dominio público,PUBLICAR,LIBRE,,LIBRE,,LIBRE,,LIBRE,,LIBRE,,LIBRE,,LIBRE,,LIBRE,,LIBRE,,LIBRE,,LIBRE,,LIBRE,,LIBRE,,LIBRE,,LIBRE,,LIBRE,,LIBRE,,LIBRE,,LIBRE,,LIBRE,
257,Cuentos,Joaquín Díaz Garcés,1894,1921,Dominio público,PUBLICAR,LIBRE,,LIBRE,,LIBRE,,LIBRE,,LIBRE,,LIBRE,,LIBRE,,LIBRE,,LIBRE,,LIBRE,,LIBRE,,LIBRE,,LIBRE,,LIBRE,,LIBRE,,LIBRE,,LIBRE,,LIBRE,,LIBRE,,LIBRE,
258,Campos de Castilla,Antonio Machado,1912,1939,Dominio público,GEOBLOQUEAR:MX,LIBRE,,LIBRE,,PROTEGIDO,2040,LIBRE,,LIBRE,,LIBRE,,LIBRE,,LIBRE,,LIBRE,,LIBRE,,LIBRE,,LIBRE,,LIBRE,,LIBRE,,LIBRE,,LIBRE,,LIBRE,,LIBRE,,LIBRE,,LIBRE,
259,Cantos de Vida y Esperanza,Rubén Darío,1905,1916,Dominio público,PUBLICAR,LIBRE,,LIBRE,,LIBRE,,LIBRE,,LIBRE,,LIBRE,,LIBRE,,LIBRE,,LIBRE,,LIBRE,,LIBRE,,LIBRE,,LIBRE,,LIBRE,,LIBRE,,LIBRE,,LIBRE,,LIBRE,,LIBRE,,LIBRE,
260,Recuerdos de Provincia,Domingo Faustino Sarmiento,1850,,Dominio público,PUBLICAR,LIBRE,,LIBRE,,LIBRE,,LIBRE,,LIBRE,,LIBRE,,LIBRE,,LIBRE,,LIBRE,,LIBRE,,LIBRE,,LIBRE,,LIBRE,,LIBRE,,LIBRE,,LIBRE,,LIBRE,,LIBRE,,LIBRE,,LIBRE,
261,Capítulos que se le Olvidaron a Cervantes,Juan Montalvo,1895,1889,Dominio público,PUBLICAR,LIBRE,,LIBRE,,LIBRE,,LIBRE,,LIBRE,,LIBRE,,LIBRE,,LIBRE,,LIBRE,,LIBRE,,LIBRE,,LIBRE,,LIBRE,,LIBRE,,LIBRE,,LIBRE,,LIBRE,,LIBRE,,LIBRE,,LIBRE,
262,El Tungsteno,César Vallejo,1931,1938,Dominio público,"GEOBLOQUEAR:MX,PR,US",LIBRE,,LIBRE,,PROTEGIDO,2039,LIBRE,,LIBRE,,LIBRE,,REVISAR,,REVISAR,,LIBRE,,LIBRE,,LIBRE,,LIBRE,,LIBRE,,LIBRE,,LIBRE,,LIBRE,,LIBRE,,LIBRE,,LIBRE,,LIBRE,
263,Paco Yunque,César Vallejo,1931,1938,Dominio público,"GEOBLOQUEAR:MX,PR,US",LIBRE,,LIBRE,,PROTEGIDO,2039,LIBRE,,LIBRE,,LIBRE,,REVISAR,,REVISAR,,LIBRE,,LIBRE,,LIBRE,,LIBRE,,LIBRE,,LIBRE,,LIBRE,,LIBRE,,LIBRE,,LIBRE,,LIBRE,,LIBRE,
264,Abel Sánchez,Miguel de Unamuno,1917,1936,Dominio público,GEOBLOQUEAR:MX,LIBRE,,LIBRE,,PROTEGIDO,2037,LIBRE,,LIBRE,,LIBRE,,LIBRE,,LIBRE,,LIBRE,,LIBRE,,LIBRE,,LIBRE,,LIBRE,,LIBRE,,LIBRE,,LIBRE,,LIBRE,,LIBRE,,LIBRE,,LIBRE,
265,Cuentos Morales,"Leopoldo Alas ""Clarín""",1896,1901,Dominio público,PUBLICAR,LIBRE,,LIBRE,,LIBRE,,LIBRE,,LIBRE,,LIBRE,,LIBRE,,LIBRE,,LIBRE,,LIBRE,,LIBRE,,LIBRE,,LIBRE,,LIBRE,,LIBRE,,LIBRE,,LIBRE,,LIBRE,,LIBRE,,LIBRE,
266,Tradiciones peruanas (segunda serie),Ricardo Palma,1874,1919,Dominio público,PUBLICAR,LIBRE,,LIBRE,,LIBRE,,LIBRE,,LIBRE,,LIBRE,,LIBRE,,LIBRE,,LIBRE,,LIBRE,,LIBRE,,LIBRE,,LIBRE,,LIBRE,,LIBRE,,LIBRE,,LIBRE,,LIBRE,,LIBRE,,LIBRE,
267,Tradiciones peruanas (tercera serie),Ricardo Palma,1875,1919,Dominio público,PUBLICAR,LIBRE,,LIBRE,,LIBRE,,LIBRE,,LIBRE,,LIBRE,,LIBRE,,LIBRE,,LIBRE,,LIBRE,,LIBRE,,LIBRE,,LIBRE,,LIBRE,,LIBRE,,LIBRE,,LIBRE,,LIBRE,,LIBRE,,LIBRE,
269,La Madre Naturaleza,Emilia Pardo Bazán,1887,1921,Dominio público,PUBLICAR,LIBRE,,LIBRE,,LIBRE,,LIBRE,,LIBRE,,LIBRE,,LIBRE,,LIBRE,,LIBRE,,LIBRE,,LIBRE,,LIBRE,,LIBRE,,LIBRE,,LIBRE,,LIBRE,,LIBRE,,LIBRE,,LIBRE,,LIBRE,
270,La Quimera,Emilia Pardo Bazán,1905,1921,Dominio público,PUBLICAR,LIBRE,,LIBRE,,LIBRE,,LIBRE,,LIBRE,,LIBRE,,LIBRE,,LIBRE,,LIBRE,,LIBRE,,LIBRE,,LIBRE,,LIBRE,,LIBRE,,LIBRE,,LIBRE,,LIBRE,,LIBRE,,LIBRE,,LIBRE,
268,La Tribuna,Emilia Pardo Bazán,1883,1921,Dominio público,PUBLICAR,LIBRE,,LIBRE,,LIBRE,,LIBRE,,LIBRE,,LIBRE,,LIBRE,,LIBRE,,LIBRE,,LIBRE,,LIBRE,,LIBRE,,LIBRE,,LIBRE,,LIBRE,,LIBRE,,LIBRE,,LIBRE,,LIBRE,,LIBRE,
271,Arroz y Tartana,Vicente Blasco Ibáñez,1894,1928,Dominio público,GEOBLOQUEAR:MX,LIBRE,,LIBRE,,PROTEGIDO,2029,LIBRE,,LIBRE,,LIBRE,,LIBRE,,LIBRE,,LIBRE,,LIBRE,,LIBRE,,LIBRE,,LIBRE,,LIBRE,,LIBRE,,LIBRE,,LIBRE,,LIBRE,,LIBRE,,LIBRE,
274,La Bodega,Vicente Blasco Ibáñez,1905,1928,Dominio público,GEOBLOQUEAR:MX,LIBRE,,LIBRE,,PROTEGIDO,2029,LIBRE,,LIBRE,,LIBRE,,LIBRE,,LIBRE,,LIBRE,,LIBRE,,LIBRE,,LIBRE,,LIBRE,,LIBRE,,LIBRE,,LIBRE,,LIBRE,,LIBRE,,LIBRE,,LIBRE,
273,Cañas y Barro,Vicente Blasco Ibáñez,1902,1928,Dominio público,GEOBLOQUEAR:MX,LIBRE,,LIBRE,,PROTEGIDO,2029,LIBRE,,LIBRE,,LIBRE,,LIBRE,,LIBRE,,LIBRE,,LIBRE,,LIBRE,,LIBRE,,LIBRE,,LIBRE,,LIBRE,,LIBRE,,LIBRE,,LIBRE,,LIBRE,,LIBRE,
275,La Horda,Vicente Blasco Ibáñez,1905,1928,Dominio público,GEOBLOQUEAR:MX,LIBRE,,LIBRE,,PROTEGIDO,2029,LIBRE,,LIBRE,,LIBRE,,LIBRE,,LIBRE,,LIBRE,,LIBRE,,LIBRE,,LIBRE,,LIBRE,,LIBRE,,LIBRE,,LIBRE,,LIBRE,,LIBRE,,LIBRE,,LIBRE,
276,La Maja Desnuda,Vicente Blasco Ibáñez,1906,1928,Dominio público,GEOBLOQUEAR:MX,LIBRE,,LIBRE,,PROTEGIDO,2029,LIBRE,,LIBRE,,LIBRE,,LIBRE,,LIBRE,,LIBRE,,LIBRE,,LIBRE,,LIBRE,,LIBRE,,LIBRE,,LIBRE,,LIBRE,,LIBRE,,LIBRE,,LIBRE,,LIBRE,
277,Mare Nostrum,Vicente Blasco Ibáñez,1918,1928,Dominio público,GEOBLOQUEAR:MX,LIBRE,,LIBRE,,PROTEGIDO,2029,LIBRE,,LIBRE,,LIBRE,,LIBRE,,LIBRE,,LIBRE,,LIBRE,,LIBRE,,LIBRE,,LIBRE,,LIBRE,,LIBRE,,LIBRE,,LIBRE,,LIBRE,,LIBRE,,LIBRE,
272,Entre Naranjos,Vicente Blasco Ibáñez,1900,1928,Dominio público,GEOBLOQUEAR:MX,LIBRE,,LIBRE,,PROTEGIDO,2029,LIBRE,,LIBRE,,LIBRE,,LIBRE,,LIBRE,,LIBRE,,LIBRE,,LIBRE,,LIBRE,,LIBRE,,LIBRE,,LIBRE,,LIBRE,,LIBRE,,LIBRE,,LIBRE,,LIBRE,
278,El Papa del Mar,Vicente Blasco Ibáñez,1925,1928,Dominio público,GEOBLOQUEAR:MX,LIBRE,,LIBRE,,PROTEGIDO,2029,LIBRE,,LIBRE,,LIBRE,,LIBRE,,LIBRE,,LIBRE,,LIBRE,,LIBRE,,LIBRE,,LIBRE,,LIBRE,,LIBRE,,LIBRE,,LIBRE,,LIBRE,,LIBRE,,LIBRE,
280,Amor y Pedagogía,Miguel de Unamuno,1902,1936,Dominio público,GEOBLOQUEAR:MX,LIBRE,,LIBRE,,PROTEGIDO,2037,LIBRE,,LIBRE,,LIBRE,,LIBRE,,LIBRE,,LIBRE,,LIBRE,,LIBRE,,LIBRE,,LIBRE,,LIBRE,,LIBRE,,LIBRE,,LIBRE,,LIBRE,,LIBRE,,LIBRE,
281,El Espejo de la Muerte,Miguel de Unamuno,1913,1936,Dominio público,GEOBLOQUEAR:MX,LIBRE,,LIBRE,,PROTEGIDO,2037,LIBRE,,LIBRE,,LIBRE,,LIBRE,,LIBRE,,LIBRE,,LIBRE,,LIBRE,,LIBRE,,LIBRE,,LIBRE,,LIBRE,,LIBRE,,LIBRE,,LIBRE,,LIBRE,,LIBRE,
279,Paz en la Guerra,Miguel de Unamuno,1897,1936,Dominio público,GEOBLOQUEAR:MX,LIBRE,,LIBRE,,PROTEGIDO,2037,LIBRE,,LIBRE,,LIBRE,,LIBRE,,LIBRE,,LIBRE,,LIBRE,,LIBRE,,LIBRE,,LIBRE,,LIBRE,,LIBRE,,LIBRE,,LIBRE,,LIBRE,,LIBRE,,LIBRE,
282,"San Manuel Bueno, Mártir",Miguel de Unamuno,1931,1936,Dominio público,"GEOBLOQUEAR:MX,PR,US",LIBRE,,LIBRE,,PROTEGIDO,2037,LIBRE,,LIBRE,,LIBRE,,REVISAR,,REVISAR,,LIBRE,,LIBRE,,LIBRE,,LIBRE,,LIBRE,,LIBRE,,LIBRE,,LIBRE,,LIBRE,,LIBRE,,LIBRE,,LIBRE,
286,El Canto Errante,Rubén Darío,1907,1916,Dominio público,PUBLICAR,LIBRE,,LIBRE,,LIBRE,,LIBRE,,LIBRE,,LIBRE,,LIBRE,,LIBRE,,LIBRE,,LIBRE,,LIBRE,,LIBRE,,LIBRE,,LIBRE,,LIBRE,,LIBRE,,LIBRE,,LIBRE,,LIBRE,,LIBRE,
285,Peregrinaciones,Rubén Darío,1901,1916,Dominio público,PUBLICAR,LIBRE,,LIBRE,,LIBRE,,LIBRE,,LIBRE,,LIBRE,,LIBRE,,LIBRE,,LIBRE,,LIBRE,,LIBRE,,LIBRE,,LIBRE,,LIBRE,,LIBRE,,LIBRE,,LIBRE,,LIBRE,,LIBRE,,LIBRE,
284,Prosas Profanas,Rubén Darío,1896,1916,Dominio público,PUBLICAR,LIBRE,,LIBRE,,LIBRE,,LIBRE,,LIBRE,,LIBRE,,LIBRE,,LIBRE,,LIBRE,,LIBRE,,LIBRE,,LIBRE,,LIBRE,,LIBRE,,LIBRE,,LIBRE,,LIBRE,,LIBRE,,LIBRE,,LIBRE,
283,Los Raros,Rubén Darío,1896,1916,Dominio público,PUBLICAR,LIBRE,,LIBRE,,LIBRE,,LIBRE,,LIBRE,,LIBRE,,LIBRE,,LIBRE,,LIBRE,,LIBRE,,LIBRE,,LIBRE,,LIBRE,,LIBRE,,LIBRE,,LIBRE,,LIBRE,,LIBRE,,LIBRE,,LIBRE,
287,Su Único Hijo,"Leopoldo Alas ""Clarín""",1891,1901,Dominio público,PUBLICAR,LIBRE,,LIBRE,,LIBRE,,LIBRE,,LIBRE,,LIBRE,,LIBRE,,LIBRE,,LIBRE,,LIBRE,,LIBRE,,LIBRE,,LIBRE,,LIBRE,,LIBRE,,LIBRE,,LIBRE,,LIBRE,,LIBRE,,LIBRE,
289,Dos Mujeres,Gertrudis Gómez de Avellaneda,1842,1873,Dominio público,PUBLICAR,LIBRE,,LIBRE,,LIBRE,,LIBRE,,LIBRE,,LIBRE,,LIBRE,,LIBRE,,LIBRE,,LIBRE,,LIBRE,,LIBRE,,LIBRE,,LIBRE,,LIBRE,,LIBRE,,LIBRE,,LIBRE,,LIBRE,,LIBRE,
288,Sab,Gertrudis Gómez de Avellaneda,1841,1873,Dominio público,PUBLICAR,LIBRE,,LIBRE,,LIBRE,,LIBRE,,LIBRE,,LIBRE,,LIBRE,,LIBRE,,LIBRE,,LIBRE,,LIBRE,,LIBRE,,LIBRE,,LIBRE,,LIBRE,,LIBRE,,LIBRE,,LIBRE,,LIBRE,,LIBRE,
291,Clemencia,Fernán Caballero,1852,1877,Dominio público,PUBLICAR,LIBRE,,LIBRE,,LIBRE,,LIBRE,,LIBRE,,LIBRE,,LIBRE,,LIBRE,,LIBRE,,LIBRE,,LIBRE,,LIBRE,,LIBRE,,LIBRE,,LIBRE,,LIBRE,,LIBRE,,LIBRE,,LIBRE,,LIBRE,
290,La Gaviota,Fernán Caballero,1849,1877,Dominio público,PUBLICAR,LIBRE,,LIBRE,,LIBRE,,LIBRE,,LIBRE,,LIBRE,,LIBRE,,LIBRE,,LIBRE,,LIBRE,,LIBRE,,LIBRE,,LIBRE,,LIBRE,,LIBRE,,LIBRE,,LIBRE,,LIBRE,,LIBRE,,LIBRE,
292,Aves Sin Nido,Clorinda Matto de Turner,1889,1909,Dominio público,PUBLICAR,LIBRE,,LIBRE,,LIBRE,,LIBRE,,LIBRE,,LIBRE,,LIBRE,,LIBRE,,LIBRE,,LIBRE,,LIBRE,,LIBRE,,LIBRE,,LIBRE,,LIBRE,,LIBRE,,LIBRE,,LIBRE,,LIBRE,,LIBRE,
294,La Educación de la Mujer,Concepción Arenal,1892,1893,Dominio público,PUBLICAR,LIBRE,,LIBRE,,LIBRE,,LIBRE,,LIBRE,,LIBRE,,LIBRE,,LIBRE,,LIBRE,,LIBRE,,LIBRE,,LIBRE,,LIBRE,,LIBRE,,LIBRE,,LIBRE,,LIBRE,,LIBRE,,LIBRE,,LIBRE,
293,La Mujer del Porvenir,Concepción Arenal,1869,1893,Dominio público,PUBLICAR,LIBRE,,LIBRE,,LIBRE,,LIBRE,,LIBRE,,LIBRE,,LIBRE,,LIBRE,,LIBRE,,LIBRE,,LIBRE,,LIBRE,,LIBRE,,LIBRE,,LIBRE,,LIBRE,,LIBRE,,LIBRE,,LIBRE,,LIBRE,
296,La Hija del Mar,Rosalía de Castro,1859,1885,Dominio público,PUBLICAR,LIBRE,,LIBRE,,LIBRE,,LIBRE,,LIBRE,,LIBRE,,LIBRE,,LIBRE,,LIBRE,,LIBRE,,LIBRE,,LIBRE,,LIBRE,,LIBRE,,LIBRE,,LIBRE,,LIBRE,,LIBRE,,LIBRE,,LIBRE,
295,En las Orillas del Sar,Rosalía de Castro,1884,1885,Dominio público,PUBLICAR,LIBRE,,LIBRE,,LIBRE,,LIBRE,,LIBRE,,LIBRE,,LIBRE,,LIBRE,,LIBRE,,LIBRE,,LIBRE,,LIBRE,,LIBRE,,LIBRE,,LIBRE,,LIBRE,,LIBRE,,LIBRE,,LIBRE,,LIBRE,
297,La Malcasada,Carmen de Burgos,1923,1932,Dominio público,GEOBLOQUEAR:MX,LIBRE,,LIBRE,,PROTEGIDO,2033,LIBRE,,LIBRE,,LIBRE,,LIBRE,,LIBRE,,LIBRE,,LIBRE,,LIBRE,,LIBRE,,LIBRE,,LIBRE,,LIBRE,,LIBRE,,LIBRE,,LIBRE,,LIBRE,,LIBRE,
298,La Rampa,Carmen de Burgos,1917,1932,Dominio público,GEOBLOQUEAR:MX,LIBRE,,LIBRE,,PROTEGIDO,2033,LIBRE,,LIBRE,,LIBRE,,LIBRE,,LIBRE,,LIBRE,,LIBRE,,LIBRE,,LIBRE,,LIBRE,,LIBRE,,LIBRE,,LIBRE,,LIBRE,,LIBRE,,LIBRE,,LIBRE,
299,Novelas y Cuadros de la Vida Sur-Americana,Soledad Acosta de Samper,1869,1913,Dominio público,PUBLICAR,LIBRE,,LIBRE,,LIBRE,,LIBRE,,LIBRE,,LIBRE,,LIBRE,,LIBRE,,LIBRE,,LIBRE,,LIBRE,,LIBRE,,LIBRE,,LIBRE,,LIBRE,,LIBRE,,LIBRE,,LIBRE,,LIBRE,,LIBRE,
305,La Cueva de Salamanca,Miguel de Cervantes Saavedra,1615,,Dominio público,PUBLICAR,LIBRE,,LIBRE,,LIBRE,,LIBRE,,LIBRE,,LIBRE,,LIBRE,,LIBRE,,LIBRE,,LIBRE,,LIBRE,,LIBRE,,LIBRE,,LIBRE,,LIBRE,,LIBRE,,LIBRE,,LIBRE,,LIBRE,,LIBRE,
300,Novelas Ejemplares,Miguel de Cervantes Saavedra,1613,,Dominio público,PUBLICAR,LIBRE,,LIBRE,,LIBRE,,LIBRE,,LIBRE,,LIBRE,,LIBRE,,LIBRE,,LIBRE,,LIBRE,,LIBRE,,LIBRE,,LIBRE,,LIBRE,,LIBRE,,LIBRE,,LIBRE,,LIBRE,,LIBRE,,LIBRE,
303,El Cerco de Numancia,Miguel de Cervantes Saavedra,1585,,Dominio público,PUBLICAR,LIBRE,,LIBRE,,LIBRE,,LIBRE,,LIBRE,,LIBRE,,LIBRE,,LIBRE,,LIBRE,,LIBRE,,LIBRE,,LIBRE,,LIBRE,,LIBRE,,LIBRE,,LIBRE,,LIBRE,,LIBRE,,LIBRE,,LIBRE,
302,El Viaje del Parnaso,Miguel de Cervantes Saavedra,1614,,Dominio público,PUBLICAR,LIBRE,,LIBRE,,LIBRE,,LIBRE,,LIBRE,,LIBRE,,LIBRE,,LIBRE,,LIBRE,,LIBRE,,LIBRE,,LIBRE,,LIBRE,,LIBRE,,LIBRE,,LIBRE,,LIBRE,,LIBRE,,LIBRE,,LIBRE,
304,El Retablo de las Maravillas,Miguel de Cervantes Saavedra,1615,,Dominio público,PUBLICAR,LIBRE,,LIBRE,,LIBRE,,LIBRE,,LIBRE,,LIBRE,,LIBRE,,LIBRE,,LIBRE,,LIBRE,,LIBRE,,LIBRE,,LIBRE,,LIBRE,,LIBRE,,LIBRE,,LIBRE,,LIBRE,,LIBRE,,LIBRE,
306,Pedro de Urdemalas,Miguel de Cervantes Saavedra,1615,,Dominio público,PUBLICAR,LIBRE,,LIBRE,,LIBRE,,LIBRE,,LIBRE,,LIBRE,,LIBRE,,LIBRE,,LIBRE,,LIBRE,,LIBRE,,LIBRE,,LIBRE,,LIBRE,,LIBRE,,LIBRE,,LIBRE,,LIBRE,,LIBRE,,LIBRE,
301,Los Trabajos de Persiles y Segismunda,Miguel de Cervantes Saavedra,1617,,Dominio público,PUBLICAR,LIBRE,,LIBRE,,LIBRE,,LIBRE,,LIBRE,,LIBRE,,LIBRE,,LIBRE,,LIBRE,,LIBRE,,LIBRE,,LIBRE,,LIBRE,,LIBRE,,LIBRE,,LIBRE,,LIBRE,,LIBRE,,LIBRE,,LIBRE,
307,La gruta del silencio,Vicente Huidobro,1913,1948,Dominio público,GEOBLOQUEAR:MX,LIBRE,,LIBRE,,PROTEGIDO,2049,LIBRE,,LIBRE,,LIBRE,,LIBRE,,LIBRE,,LIBRE,,LIBRE,,LIBRE,,LIBRE,,LIBRE,,LIBRE,,LIBRE,,LIBRE,,LIBRE,,LIBRE,,LIBRE,,LIBRE,
308,Altazor,Vicente Huidobro,1931,1948,Dominio público,"GEOBLOQUEAR:MX,PR,US",LIBRE,,LIBRE,,PROTEGIDO,2049,LIBRE,,LIBRE,,LIBRE,,REVISAR,,REVISAR,,LIBRE,,LIBRE,,LIBRE,,LIBRE,,LIBRE,,LIBRE,,LIBRE,,LIBRE,,LIBRE,,LIBRE,,LIBRE,,LIBRE,
311,Poemas Árticos,Vicente Huidobro,1918,1948,Dominio público,GEOBLOQUEAR:MX,LIBRE,,LIBRE,,PROTEGIDO,2049,LIBRE,,LIBRE,,LIBRE,,LIBRE,,LIBRE,,LIBRE,,LIBRE,,LIBRE,,LIBRE,,LIBRE,,LIBRE,,LIBRE,,LIBRE,,LIBRE,,LIBRE,,LIBRE,,LIBRE,
309,Canciones en la Noche,Vicente Huidobro,1913,1948,Dominio público,GEOBLOQUEAR:MX,LIBRE,,LIBRE,,PROTEGIDO,2049,LIBRE,,LIBRE,,LIBRE,,LIBRE,,LIBRE,,LIBRE,,LIBRE,,LIBRE,,LIBRE,,LIBRE,,LIBRE,,LIBRE,,LIBRE,,LIBRE,,LIBRE,,LIBRE,,LIBRE,
310,Ecuatorial,Vicente Huidobro,1918,1948,Dominio público,GEOBLOQUEAR:MX,LIBRE,,LIBRE,,PROTEGIDO,2049,LIBRE,,LIBRE,,LIBRE,,LIBRE,,LIBRE,,LIBRE,,LIBRE,,LIBRE,,LIBRE,,LIBRE,,LIBRE,,LIBRE,,LIBRE,,LIBRE,,LIBRE,,LIBRE,,LIBRE,
312,La Vuelta de Martín Fierro,José Hernández,1879,1886,Dominio público,PUBLICAR,LIBRE,,LIBRE,,LIBRE,,LIBRE,,LIBRE,,LIBRE,,LIBRE,,LIBRE,,LIBRE,,LIBRE,,LIBRE,,LIBRE,,LIBRE,,LIBRE,,LIBRE,,LIBRE,,LIBRE,,LIBRE,,LIBRE,,LIBRE,
314,Cuentos de Muerte y de Sangre,Ricardo Güiraldes,1915,1927,Dominio público,GEOBLOQUEAR:MX,LIBRE,,LIBRE,,PROTEGIDO,2028,LIBRE,,LIBRE,,LIBRE,,LIBRE,,LIBRE,,LIBRE,,LIBRE,,LIBRE,,LIBRE,,LIBRE,,LIBRE,,LIBRE,,LIBRE,,LIBRE,,LIBRE,,LIBRE,,LIBRE,
313,Don Segundo Sombra,Ricardo Güiraldes,1926,1927,Dominio público,GEOBLOQUEAR:MX,LIBRE,,LIBRE,,PROTEGIDO,2028,LIBRE,,LIBRE,,LIBRE,,LIBRE,,LIBRE,,LIBRE,,LIBRE,,LIBRE,,LIBRE,,LIBRE,,LIBRE,,LIBRE,,LIBRE,,LIBRE,,LIBRE,,LIBRE,,LIBRE,
315,Xaimaca,Ricardo Güiraldes,1923,1927,Dominio público,GEOBLOQUEAR:MX,LIBRE,,LIBRE,,PROTEGIDO,2028,LIBRE,,LIBRE,,LIBRE,,LIBRE,,LIBRE,,LIBRE,,LIBRE,,LIBRE,,LIBRE,,LIBRE,,LIBRE,,LIBRE,,LIBRE,,LIBRE,,LIBRE,,LIBRE,,LIBRE,
316,El Casamiento de Laucha,Roberto Payró,1906,1928,Dominio público,GEOBLOQUEAR:MX,LIBRE,,LIBRE,,PROTEGIDO,2029,LIBRE,,LIBRE,,LIBRE,,LIBRE,,LIBRE,,LIBRE,,LIBRE,,LIBRE,,LIBRE,,LIBRE,,LIBRE,,LIBRE,,LIBRE,,LIBRE,,LIBRE,,LIBRE,,LIBRE,
318,Divertidas Aventuras del Nieto de Juan Moreira,Roberto Payró,1910,1928,Dominio público,GEOBLOQUEAR:MX,LIBRE,,LIBRE,,PROTEGIDO,2029,LIBRE,,LIBRE,,LIBRE,,LIBRE,,LIBRE,,LIBRE,,LIBRE,,LIBRE,,LIBRE,,LIBRE,,LIBRE,,LIBRE,,LIBRE,,LIBRE,,LIBRE,,LIBRE,,LIBRE,
317,Pago Chico,Roberto Payró,1908,1928,Dominio público,GEOBLOQUEAR:MX,LIBRE,,LIBRE,,PROTEGIDO,2029,LIBRE,,LIBRE,,LIBRE,,LIBRE,,LIBRE,,LIBRE,,LIBRE,,LIBRE,,LIBRE,,LIBRE,,LIBRE,,LIBRE,,LIBRE,,LIBRE,,LIBRE,,LIBRE,,LIBRE,
319,Los Bandidos de Río Frío,Manuel Payno,1891,1894,Dominio público,PUBLICAR,LIBRE,,LIBRE,,LIBRE,,LIBRE,,LIBRE,,LIBRE,,LIBRE,,LIBRE,,LIBRE,,LIBRE,,LIBRE,,LIBRE,,LIBRE,,LIBRE,,LIBRE,,LIBRE,,LIBRE,,LIBRE,,LIBRE,,LIBRE,
320,El Fistol del Diablo,Manuel Payno,1845,1894,Dominio público,PUBLICAR,LIBRE,,LIBRE,,LIBRE,,LIBRE,,LIBRE,,LIBRE,,LIBRE,,LIBRE,,LIBRE,,LIBRE,,LIBRE,,LIBRE,,LIBRE,,LIBRE,,LIBRE,,LIBRE,,LIBRE,,LIBRE,,LIBRE,,LIBRE,
322,Clemencia,Ignacio Manuel Altamirano,1869,1893,Dominio público,PUBLICAR,LIBRE,,LIBRE,,LIBRE,,LIBRE,,LIBRE,,LIBRE,,LIBRE,,LIBRE,,LIBRE,,LIBRE,,LIBRE,,LIBRE,,LIBRE,,LIBRE,,LIBRE,,LIBRE,,LIBRE,,LIBRE,,LIBRE,,LIBRE,
323,La Navidad en las Montañas,Ignacio Manuel Altamirano,1871,1893,Dominio público,PUBLICAR,LIBRE,,LIBRE,,LIBRE,,LIBRE,,LIBRE,,LIBRE,,LIBRE,,LIBRE,,LIBRE,,LIBRE,,LIBRE,,LIBRE,,LIBRE,,LIBRE,,LIBRE,,LIBRE,,LIBRE,,LIBRE,,LIBRE,,LIBRE,
321,El Zarco,Ignacio Manuel Altamirano,1901,1893,Dominio público,PUBLICAR,LIBRE,,LIBRE,,LIBRE,,LIBRE,,LIBRE,,LIBRE,,LIBRE,,LIBRE,,LIBRE,,LIBRE,,LIBRE,,LIBRE,,LIBRE,,LIBRE,,LIBRE,,LIBRE,,LIBRE,,LIBRE,,LIBRE,,LIBRE,
326,La Vorágine,José Eustasio Rivera,1924,1928,Dominio público,GEOBLOQUEAR:MX,LIBRE,,LIBRE,,PROTEGIDO,2029,LIBRE,,LIBRE,,LIBRE,,LIBRE,,LIBRE,,LIBRE,,LIBRE,,LIBRE,,LIBRE,,LIBRE,,LIBRE,,LIBRE,,LIBRE,,LIBRE,,LIBRE,,LIBRE,,LIBRE,
328,En la Sangre,Eugenio Cambaceres,1887,1889,Dominio público,PUBLICAR,LIBRE,,LIBRE,,LIBRE,,LIBRE,,LIBRE,,LIBRE,,LIBRE,,LIBRE,,LIBRE,,LIBRE,,LIBRE,,LIBRE,,LIBRE,,LIBRE,,LIBRE,,LIBRE,,LIBRE,,LIBRE,,LIBRE,,LIBRE,
327,Sin Rumbo,Eugenio Cambaceres,1885,1889,Dominio público,PUBLICAR,LIBRE,,LIBRE,,LIBRE,,LIBRE,,LIBRE,,LIBRE,,LIBRE,,LIBRE,,LIBRE,,LIBRE,,LIBRE,,LIBRE,,LIBRE,,LIBRE,,LIBRE,,LIBRE,,LIBRE,,LIBRE,,LIBRE,,LIBRE,
330,Los Motivos de Proteo,José Enrique Rodó,1909,1917,Dominio público,PUBLICAR,LIBRE,,LIBRE,,LIBRE,,LIBRE,,LIBRE,,LIBRE,,LIBRE,,LIBRE,,LIBRE,,LIBRE,,LIBRE,,LIBRE,,LIBRE,,LIBRE,,LIBRE,,LIBRE,,LIBRE,,LIBRE,,LIBRE,,LIBRE,
331,La Cautiva,Esteban Echeverría,1837,1851,Dominio público,PUBLICAR,LIBRE,,LIBRE,,LIBRE,,LIBRE,,LIBRE,,LIBRE,,LIBRE,,LIBRE,,LIBRE,,LIBRE,,LIBRE,,LIBRE,,LIBRE,,LIBRE,,LIBRE,,LIBRE,,LIBRE,,LIBRE,,LIBRE,,LIBRE,
324,En la Diestra de Dios Padre,Tomás Carrasquilla,1897,1940,Dominio público,GEOBLOQUEAR:MX,LIBRE,,LIBRE,,PROTEGIDO,2041,LIBRE,,LIBRE,,LIBRE,,LIBRE,,LIBRE,,LIBRE,,LIBRE,,LIBRE,,LIBRE,,LIBRE,,LIBRE,,LIBRE,,LIBRE,,LIBRE,,LIBRE,,LIBRE,,LIBRE,
325,Simón el Mago,Tomás Carrasquilla,1890,1940,Dominio público,GEOBLOQUEAR:MX,LIBRE,,LIBRE,,PROTEGIDO,2041,LIBRE,,LIBRE,,LIBRE,,LIBRE,,LIBRE,,LIBRE,,LIBRE,,LIBRE,,LIBRE,,LIBRE,,LIBRE,,LIBRE,,LIBRE,,LIBRE,,LIBRE,,LIBRE,,LIBRE,
329,Ariel,José Enrique Rodó,1900,1917,Dominio público,PUBLICAR,LIBRE,,LIBRE,,LIBRE,,LIBRE,,LIBRE,,LIBRE,,LIBRE,,LIBRE,,LIBRE,,LIBRE,,LIBRE,,LIBRE,,LIBRE,,LIBRE,,LIBRE,,LIBRE,,LIBRE,,LIBRE,,LIBRE,,LIBRE,
336,Autobiografía,Rubén Darío,1912,1916,Dominio público,PUBLICAR,LIBRE,,LIBRE,,LIBRE,,LIBRE,,LIBRE,,LIBRE,,LIBRE,,LIBRE,,LIBRE,,LIBRE,,LIBRE,,LIBRE,,LIBRE,,LIBRE,,LIBRE,,LIBRE,,LIBRE,,LIBRE,,LIBRE,,LIBRE,
338,Cabezas,Rubén Darío,1916,1916,Dominio público,PUBLICAR,LIBRE,,LIBRE,,LIBRE,,LIBRE,,LIBRE,,LIBRE,,LIBRE,,LIBRE,,LIBRE,,LIBRE,,LIBRE,,LIBRE,,LIBRE,,LIBRE,,LIBRE,,LIBRE,,LIBRE,,LIBRE,,LIBRE,,LIBRE,
337,Historia de mis Libros,Rubén Darío,1916,1916,Dominio público,PUBLICAR,LIBRE,,LIBRE,,LIBRE,,LIBRE,,LIBRE,,LIBRE,,LIBRE,,LIBRE,,LIBRE,,LIBRE,,LIBRE,,LIBRE,,LIBRE,,LIBRE,,LIBRE,,LIBRE,,LIBRE,,LIBRE,,LIBRE,,LIBRE,
334,Letras,Rubén Darío,1911,1916,Dominio público,PUBLICAR,LIBRE,,LIBRE,,LIBRE,,LIBRE,,LIBRE,,LIBRE,,LIBRE,,LIBRE,,LIBRE,,LIBRE,,LIBRE,,LIBRE,,LIBRE,,LIBRE,,LIBRE,,LIBRE,,LIBRE,,LIBRE,,LIBRE,,LIBRE,
339,El Oro de Mallorca,Rubén Darío,1913,1916,Dominio público,PUBLICAR,LIBRE,,LIBRE,,LIBRE,,LIBRE,,LIBRE,,LIBRE,,LIBRE,,LIBRE,,LIBRE,,LIBRE,,LIBRE,,LIBRE,,LIBRE,,LIBRE,,LIBRE,,LIBRE,,LIBRE,,LIBRE,,LIBRE,,LIBRE,
332,Parisiana,Rubén Darío,1907,1916,Dominio público,PUBLICAR,LIBRE,,LIBRE,,LIBRE,,LIBRE,,LIBRE,,LIBRE,,LIBRE,,LIBRE,,LIBRE,,LIBRE,,LIBRE,,LIBRE,,LIBRE,,LIBRE,,LIBRE,,LIBRE,,LIBRE,,LIBRE,,LIBRE,,LIBRE,
335,Todo al Vuelo,Rubén Darío,1912,1916,Dominio público,PUBLICAR,LIBRE,,LIBRE,,LIBRE,,LIBRE,,LIBRE,,LIBRE,,LIBRE,,LIBRE,,LIBRE,,LIBRE,,LIBRE,,LIBRE,,LIBRE,,LIBRE,,LIBRE,,LIBRE,,LIBRE,,LIBRE,,LIBRE,,LIBRE,
333,Viaje a Nicaragua,Rubén Darío,1909,1916,Dominio público,PUBLICAR,LIBRE,,LIBRE,,LIBRE,,LIBRE,,LIBRE,,LIBRE,,LIBRE,,LIBRE,,LIBRE,,LIBRE,,LIBRE,,LIBRE,,LIBRE,,LIBRE,,LIBRE,,LIBRE,,LIBRE,,LIBRE,,LIBRE,,LIBRE,
340,Abdala,José Martí,1869,1895,Dominio público,PUBLICAR,LIBRE,,LIBRE,,LIBRE,,LIBRE,,LIBRE,,LIBRE,,LIBRE,,LIBRE,,LIBRE,,LIBRE,,LIBRE,,LIBRE,,LIBRE,,LIBRE,,LIBRE,,LIBRE,,LIBRE,,LIBRE,,LIBRE,,LIBRE,
341,Amistad Funesta,José Martí,1885,1895,Dominio público,PUBLICAR,LIBRE,,LIBRE,,LIBRE,,LIBRE,,LIBRE,,LIBRE,,LIBRE,,LIBRE,,LIBRE,,LIBRE,,LIBRE,,LIBRE,,LIBRE,,LIBRE,,LIBRE,,LIBRE,,LIBRE,,LIBRE,,LIBRE,,LIBRE,
342,Amor con Amor se Paga,José Martí,1875,1895,Dominio público,PUBLICAR,LIBRE,,LIBRE,,LIBRE,,LIBRE,,LIBRE,,LIBRE,,LIBRE,,LIBRE,,LIBRE,,LIBRE,,LIBRE,,LIBRE,,LIBRE,,LIBRE,,LIBRE,,LIBRE,,LIBRE,,LIBRE,,LIBRE,,LIBRE,
344,Cuentos y Prosas Breves,José Asunción Silva,1896,1896,Dominio público,PUBLICAR,LIBRE,,LIBRE,,LIBRE,,LIBRE,,LIBRE,,LIBRE,,LIBRE,,LIBRE,,LIBRE,,LIBRE,,LIBRE,,LIBRE,,LIBRE,,LIBRE,,LIBRE,,LIBRE,,LIBRE,,LIBRE,,LIBRE,,LIBRE,
343,De Sobremesa,José Asunción Silva,1896,1896,Dominio público,PUBLICAR,LIBRE,,LIBRE,,LIBRE,,LIBRE,,LIBRE,,LIBRE,,LIBRE,,LIBRE,,LIBRE,,LIBRE,,LIBRE,,LIBRE,,LIBRE,,LIBRE,,LIBRE,,LIBRE,,LIBRE,,LIBRE,,LIBRE,,LIBRE,
345,Gurí y Otras Novelas,Javier de Viana,1901,1926,Dominio público,GEOBLOQUEAR:MX,LIBRE,,LIBRE,,PROTEGIDO,2027,LIBRE,,LIBRE,,LIBRE,,LIBRE,,LIBRE,,LIBRE,,LIBRE,,LIBRE,,LIBRE,,LIBRE,,LIBRE,,LIBRE,,LIBRE,,LIBRE,,LIBRE,,LIBRE,,LIBRE,
346,Cuentos,Rafael Barrett,1910,1910,Dominio público,PUBLICAR,LIBRE,,LIBRE,,LIBRE,,LIBRE,,LIBRE,,LIBRE,,LIBRE,,LIBRE,,LIBRE,,LIBRE,,LIBRE,,LIBRE,,LIBRE,,LIBRE,,LIBRE,,LIBRE,,LIBRE,,LIBRE,,LIBRE,,LIBRE,
347,Al margen,Rafael Barrett,1912,1910,Dominio público,PUBLICAR,LIBRE,,LIBRE,,LIBRE,,LIBRE,,LIBRE,,LIBRE,,LIBRE,,LIBRE,,LIBRE,,LIBRE,,LIBRE,,LIBRE,,LIBRE,,LIBRE,,LIBRE,,LIBRE,,LIBRE,,LIBRE,,LIBRE,,LIBRE,
354,Abrojos,Javier de Viana,1919,1926,Dominio público,GEOBLOQUEAR:MX,LIBRE,,LIBRE,,PROTEGIDO,2027,LIBRE,,LIBRE,,LIBRE,,LIBRE,,LIBRE,,LIBRE,,LIBRE,,LIBRE,,LIBRE,,LIBRE,,LIBRE,,LIBRE,,LIBRE,,LIBRE,,LIBRE,,LIBRE,,LIBRE,
351,La Biblia Gaucha,Javier de Viana,1925,1926,Dominio público,GEOBLOQUEAR:MX,LIBRE,,LIBRE,,PROTEGIDO,2027,LIBRE,,LIBRE,,LIBRE,,LIBRE,,LIBRE,,LIBRE,,LIBRE,,LIBRE,,LIBRE,,LIBRE,,LIBRE,,LIBRE,,LIBRE,,LIBRE,,LIBRE,,LIBRE,,LIBRE,
352,Campo,Javier de Viana,1896,1926,Dominio público,GEOBLOQUEAR:MX,LIBRE,,LIBRE,,PROTEGIDO,2027,LIBRE,,LIBRE,,LIBRE,,LIBRE,,LIBRE,,LIBRE,,LIBRE,,LIBRE,,LIBRE,,LIBRE,,LIBRE,,LIBRE,,LIBRE,,LIBRE,,LIBRE,,LIBRE,,LIBRE,
359,Del Campo y de la Ciudad,Javier de Viana,1921,1926,Dominio público,GEOBLOQUEAR:MX,LIBRE,,LIBRE,,PROTEGIDO,2027,LIBRE,,LIBRE,,LIBRE,,LIBRE,,LIBRE,,LIBRE,,LIBRE,,LIBRE,,LIBRE,,LIBRE,,LIBRE,,LIBRE,,LIBRE,,LIBRE,,LIBRE,,LIBRE,,LIBRE,
355,Cardos,Javier de Viana,1919,1926,Dominio público,GEOBLOQUEAR:MX,LIBRE,,LIBRE,,PROTEGIDO,2027,LIBRE,,LIBRE,,LIBRE,,LIBRE,,LIBRE,,LIBRE,,LIBRE,,LIBRE,,LIBRE,,LIBRE,,LIBRE,,LIBRE,,LIBRE,,LIBRE,,LIBRE,,LIBRE,,LIBRE,
360,Cuentos dispersos,Javier de Viana,1926,1926,Dominio público,GEOBLOQUEAR:MX,LIBRE,,LIBRE,,PROTEGIDO,2027,LIBRE,,LIBRE,,LIBRE,,LIBRE,,LIBRE,,LIBRE,,LIBRE,,LIBRE,,LIBRE,,LIBRE,,LIBRE,,LIBRE,,LIBRE,,LIBRE,,LIBRE,,LIBRE,,LIBRE,
349,Leña Seca,Javier de Viana,1911,1926,Dominio público,GEOBLOQUEAR:MX,LIBRE,,LIBRE,,PROTEGIDO,2027,LIBRE,,LIBRE,,LIBRE,,LIBRE,,LIBRE,,LIBRE,,LIBRE,,LIBRE,,LIBRE,,LIBRE,,LIBRE,,LIBRE,,LIBRE,,LIBRE,,LIBRE,,LIBRE,,LIBRE,
350,Macachines,Javier de Viana,1910,1926,Dominio público,GEOBLOQUEAR:MX,LIBRE,,LIBRE,,PROTEGIDO,2027,LIBRE,,LIBRE,,LIBRE,,LIBRE,,LIBRE,,LIBRE,,LIBRE,,LIBRE,,LIBRE,,LIBRE,,LIBRE,,LIBRE,,LIBRE,,LIBRE,,LIBRE,,LIBRE,,LIBRE,
356,Paisanas,Javier de Viana,1920,1926,Dominio público,GEOBLOQUEAR:MX,LIBRE,,LIBRE,,PROTEGIDO,2027,LIBRE,,LIBRE,,LIBRE,,LIBRE,,LIBRE,,LIBRE,,LIBRE,,LIBRE,,LIBRE,,LIBRE,,LIBRE,,LIBRE,,LIBRE,,LIBRE,,LIBRE,,LIBRE,,LIBRE,
358,"Potros, Toros y Aperiases",Javier de Viana,1922,1926,Dominio público,GEOBLOQUEAR:MX,LIBRE,,LIBRE,,PROTEGIDO,2027,LIBRE,,LIBRE,,LIBRE,,LIBRE,,LIBRE,,LIBRE,,LIBRE,,LIBRE,,LIBRE,,LIBRE,,LIBRE,,LIBRE,,LIBRE,,LIBRE,,LIBRE,,LIBRE,,LIBRE,
357,Ranchos,Javier de Viana,1920,1926,Dominio público,GEOBLOQUEAR:MX,LIBRE,,LIBRE,,PROTEGIDO,2027,LIBRE,,LIBRE,,LIBRE,,LIBRE,,LIBRE,,LIBRE,,LIBRE,,LIBRE,,LIBRE,,LIBRE,,LIBRE,,LIBRE,,LIBRE,,LIBRE,,LIBRE,,LIBRE,,LIBRE,
348,Tardes del Fogón,Javier de Viana,1925,1926,Dominio público,GEOBLOQUEAR:MX,LIBRE,,LIBRE,,PROTEGIDO,2027,LIBRE,,LIBRE,,LIBRE,,LIBRE,,LIBRE,,LIBRE,,LIBRE,,LIBRE,,LIBRE,,LIBRE,,LIBRE,,LIBRE,,LIBRE,,LIBRE,,LIBRE,,LIBRE,,LIBRE,
353,Yuyos,Javier de Viana,1912,1926,Dominio público,GEOBLOQUEAR:MX,LIBRE,,LIBRE,,PROTEGIDO,2027,LIBRE,,LIBRE,,LIBRE,,LIBRE,,LIBRE,,LIBRE,,LIBRE,,LIBRE,,LIBRE,,LIBRE,,LIBRE,,LIBRE,,LIBRE,,LIBRE,,LIBRE,,LIBRE,,LIBRE,
370,Historia de un Amor Turbio,Horacio Quiroga,1908,1937,Dominio público,GEOBLOQUEAR:MX,LIBRE,,LIBRE,,PROTEGIDO,2038,LIBRE,,LIBRE,,LIBRE,,LIBRE,,LIBRE,,LIBRE,,LIBRE,,LIBRE,,LIBRE,,LIBRE,,LIBRE,,LIBRE,,LIBRE,,LIBRE,,LIBRE,,LIBRE,,LIBRE,
368,Anaconda y Otros Cuentos,Horacio Quiroga,1921,1937,Dominio público,GEOBLOQUEAR:MX,LIBRE,,LIBRE,,PROTEGIDO,2038,LIBRE,,LIBRE,,LIBRE,,LIBRE,,LIBRE,,LIBRE,,LIBRE,,LIBRE,,LIBRE,,LIBRE,,LIBRE,,LIBRE,,LIBRE,,LIBRE,,LIBRE,,LIBRE,,LIBRE,
366,De La Vida De Nuestros Animales,Horacio Quiroga,s. f.,1937,Dominio público,"GEOBLOQUEAR:MX,PR,US",LIBRE,,LIBRE,,PROTEGIDO,2038,LIBRE,,LIBRE,,LIBRE,,REVISAR,,REVISAR,,LIBRE,,LIBRE,,LIBRE,,LIBRE,,LIBRE,,LIBRE,,LIBRE,,LIBRE,,LIBRE,,LIBRE,,LIBRE,,LIBRE,
361,Los Arrecifes De Coral,Horacio Quiroga,1901,1937,Dominio público,GEOBLOQUEAR:MX,LIBRE,,LIBRE,,PROTEGIDO,2038,LIBRE,,LIBRE,,LIBRE,,LIBRE,,LIBRE,,LIBRE,,LIBRE,,LIBRE,,LIBRE,,LIBRE,,LIBRE,,LIBRE,,LIBRE,,LIBRE,,LIBRE,,LIBRE,,LIBRE,
381,Sobre el Arte de Contar Historias,Horacio Quiroga,s. f.,1937,Dominio público,"GEOBLOQUEAR:MX,PR,US",LIBRE,,LIBRE,,PROTEGIDO,2038,LIBRE,,LIBRE,,LIBRE,,REVISAR,,REVISAR,,LIBRE,,LIBRE,,LIBRE,,LIBRE,,LIBRE,,LIBRE,,LIBRE,,LIBRE,,LIBRE,,LIBRE,,LIBRE,,LIBRE,
387,Artículos y Crónicas,Horacio Quiroga,1937,1937,Dominio público,"GEOBLOQUEAR:MX,PR,US",LIBRE,,LIBRE,,PROTEGIDO,2038,LIBRE,,LIBRE,,LIBRE,,REVISAR,,REVISAR,,LIBRE,,LIBRE,,LIBRE,,LIBRE,,LIBRE,,LIBRE,,LIBRE,,LIBRE,,LIBRE,,LIBRE,,LIBRE,,LIBRE,
371,Biografías Ejemplares,Horacio Quiroga,s. f.,1937,Dominio público,"GEOBLOQUEAR:MX,PR,US",LIBRE,,LIBRE,,PROTEGIDO,2038,LIBRE,,LIBRE,,LIBRE,,REVISAR,,REVISAR,,LIBRE,,LIBRE,,LIBRE,,LIBRE,,LIBRE,,LIBRE,,LIBRE,,LIBRE,,LIBRE,,LIBRE,,LIBRE,,LIBRE,
375,Cartas de un Cazador,Horacio Quiroga,s. f.,1937,Dominio público,"GEOBLOQUEAR:MX,PR,US",LIBRE,,LIBRE,,PROTEGIDO,2038,LIBRE,,LIBRE,,LIBRE,,REVISAR,,REVISAR,,LIBRE,,LIBRE,,LIBRE,,LIBRE,,LIBRE,,LIBRE,,LIBRE,,LIBRE,,LIBRE,,LIBRE,,LIBRE,,LIBRE,
369,El Crimen del Otro y Otros Cuentos,Horacio Quiroga,1904,1937,Dominio público,GEOBLOQUEAR:MX,LIBRE,,LIBRE,,PROTEGIDO,2038,LIBRE,,LIBRE,,LIBRE,,LIBRE,,LIBRE,,LIBRE,,LIBRE,,LIBRE,,LIBRE,,LIBRE,,LIBRE,,LIBRE,,LIBRE,,LIBRE,,LIBRE,,LIBRE,,LIBRE,
382,Cuadrivio Laico,Horacio Quiroga,1904,1937,Dominio público,GEOBLOQUEAR:MX,LIBRE,,LIBRE,,PROTEGIDO,2038,LIBRE,,LIBRE,,LIBRE,,LIBRE,,LIBRE,,LIBRE,,LIBRE,,LIBRE,,LIBRE,,LIBRE,,LIBRE,,LIBRE,,LIBRE,,LIBRE,,LIBRE,,LIBRE,,LIBRE,
376,El Desierto y Otros Cuentos,Horacio Quiroga,1924,1937,Dominio público,GEOBLOQUEAR:MX,LIBRE,,LIBRE,,PROTEGIDO,2038,LIBRE,,LIBRE,,LIBRE,,LIBRE,,LIBRE,,LIBRE,,LIBRE,,LIBRE,,LIBRE,,LIBRE,,LIBRE,,LIBRE,,LIBRE,,LIBRE,,LIBRE,,LIBRE,,LIBRE,
380,Los Desterrados y Otros Cuentos,Horacio Quiroga,1926,1937,Dominio público,GEOBLOQUEAR:MX,LIBRE,,LIBRE,,PROTEGIDO,2038,LIBRE,,LIBRE,,LIBRE,,LIBRE,,LIBRE,,LIBRE,,LIBRE,,LIBRE,,LIBRE,,LIBRE,,LIBRE,,LIBRE,,LIBRE,,LIBRE,,LIBRE,,LIBRE,,LIBRE,
383,Diario De Viaje A París,Horacio Quiroga,s. f.,1937,Dominio público,"GEOBLOQUEAR:MX,PR,US",LIBRE,,LIBRE,,PROTEGIDO,2038,LIBRE,,LIBRE,,LIBRE,,REVISAR,,REVISAR,,LIBRE,,LIBRE,,LIBRE,,LIBRE,,LIBRE,,LIBRE,,LIBRE,,LIBRE,,LIBRE,,LIBRE,,LIBRE,,LIBRE,
367,Los Estrenos Cinematográficos,Horacio Quiroga,s. f.,1937,Dominio público,"GEOBLOQUEAR:MX,PR,US",LIBRE,,LIBRE,,PROTEGIDO,2038,LIBRE,,LIBRE,,LIBRE,,REVISAR,,REVISAR,,LIBRE,,LIBRE,,LIBRE,,LIBRE,,LIBRE,,LIBRE,,LIBRE,,LIBRE,,LIBRE,,LIBRE,,LIBRE,,LIBRE,
378,Textos Fronterizos,Horacio Quiroga,s. f.,1937,Dominio público,"GEOBLOQUEAR:MX,PR,US",LIBRE,,LIBRE,,PROTEGIDO,2038,LIBRE,,LIBRE,,LIBRE,,REVISAR,,REVISAR,,LIBRE,,LIBRE,,LIBRE,,LIBRE,,LIBRE,,LIBRE,,LIBRE,,LIBRE,,LIBRE,,LIBRE,,LIBRE,,LIBRE,
379,Un Idilio,Horacio Quiroga,s. f.,1937,Dominio público,"GEOBLOQUEAR:MX,PR,US",LIBRE,,LIBRE,,PROTEGIDO,2038,LIBRE,,LIBRE,,LIBRE,,REVISAR,,REVISAR,,LIBRE,,LIBRE,,LIBRE,,LIBRE,,LIBRE,,LIBRE,,LIBRE,,LIBRE,,LIBRE,,LIBRE,,LIBRE,,LIBRE,
372,Corto poema de María Angélica,Horacio Quiroga,s. f.,1937,Dominio público,"GEOBLOQUEAR:MX,PR,US",LIBRE,,LIBRE,,PROTEGIDO,2038,LIBRE,,LIBRE,,LIBRE,,REVISAR,,REVISAR,,LIBRE,,LIBRE,,LIBRE,,LIBRE,,LIBRE,,LIBRE,,LIBRE,,LIBRE,,LIBRE,,LIBRE,,LIBRE,,LIBRE,
377,Más Allá y Otros Cuentos,Horacio Quiroga,1935,1937,Dominio público,"GEOBLOQUEAR:MX,PR,US",LIBRE,,LIBRE,,PROTEGIDO,2038,LIBRE,,LIBRE,,LIBRE,,REVISAR,,REVISAR,,LIBRE,,LIBRE,,LIBRE,,LIBRE,,LIBRE,,LIBRE,,LIBRE,,LIBRE,,LIBRE,,LIBRE,,LIBRE,,LIBRE,
388,Cuentos y Prosas no Recogidos en Libro,Horacio Quiroga,1937,1937,Dominio público,"GEOBLOQUEAR:MX,PR,US",LIBRE,,LIBRE,,PROTEGIDO,2038,LIBRE,,LIBRE,,LIBRE,,REVISAR,,REVISAR,,LIBRE,,LIBRE,,LIBRE,,LIBRE,,LIBRE,,LIBRE,,LIBRE,,LIBRE,,LIBRE,,LIBRE,,LIBRE,,LIBRE,
365,Pasado Amor,Horacio Quiroga,1929,1937,Dominio público,GEOBLOQUEAR:MX,LIBRE,,LIBRE,,PROTEGIDO,2038,LIBRE,,LIBRE,,LIBRE,,LIBRE,,LIBRE,,LIBRE,,LIBRE,,LIBRE,,LIBRE,,LIBRE,,LIBRE,,LIBRE,,LIBRE,,LIBRE,,LIBRE,,LIBRE,,LIBRE,
386,Venida del Primogénito,Horacio Quiroga,s. f.,1937,Dominio público,"GEOBLOQUEAR:MX,PR,US",LIBRE,,LIBRE,,PROTEGIDO,2038,LIBRE,,LIBRE,,LIBRE,,REVISAR,,REVISAR,,LIBRE,,LIBRE,,LIBRE,,LIBRE,,LIBRE,,LIBRE,,LIBRE,,LIBRE,,LIBRE,,LIBRE,,LIBRE,,LIBRE,
364,Las Sacrificadas,Horacio Quiroga,1920,1937,Dominio público,GEOBLOQUEAR:MX,LIBRE,,LIBRE,,PROTEGIDO,2038,LIBRE,,LIBRE,,LIBRE,,LIBRE,,LIBRE,,LIBRE,,LIBRE,,LIBRE,,LIBRE,,LIBRE,,LIBRE,,LIBRE,,LIBRE,,LIBRE,,LIBRE,,LIBRE,,LIBRE,
363,El Salvaje y Otros Cuentos,Horacio Quiroga,1920,1937,Dominio público,GEOBLOQUEAR:MX,LIBRE,,LIBRE,,PROTEGIDO,2038,LIBRE,,LIBRE,,LIBRE,,LIBRE,,LIBRE,,LIBRE,,LIBRE,,LIBRE,,LIBRE,,LIBRE,,LIBRE,,LIBRE,,LIBRE,,LIBRE,,LIBRE,,LIBRE,,LIBRE,
384,El Soldado,Horacio Quiroga,s. f.,1937,Dominio público,"GEOBLOQUEAR:MX,PR,US",LIBRE,,LIBRE,,PROTEGIDO,2038,LIBRE,,LIBRE,,LIBRE,,REVISAR,,REVISAR,,LIBRE,,LIBRE,,LIBRE,,LIBRE,,LIBRE,,LIBRE,,LIBRE,,LIBRE,,LIBRE,,LIBRE,,LIBRE,,LIBRE,
362,Suelo Natal,Horacio Quiroga,1931,1937,Dominio público,"GEOBLOQUEAR:MX,PR,US",LIBRE,,LIBRE,,PROTEGIDO,2038,LIBRE,,LIBRE,,LIBRE,,REVISAR,,REVISAR,,LIBRE,,LIBRE,,LIBRE,,LIBRE,,LIBRE,,LIBRE,,LIBRE,,LIBRE,,LIBRE,,LIBRE,,LIBRE,,LIBRE,
397,Alucinación,Carmen de Burgos,1905,1932,Dominio público,GEOBLOQUEAR:MX,LIBRE,,LIBRE,,PROTEGIDO,2033,LIBRE,,LIBRE,,LIBRE,,LIBRE,,LIBRE,,LIBRE,,LIBRE,,LIBRE,,LIBRE,,LIBRE,,LIBRE,,LIBRE,,LIBRE,,LIBRE,,LIBRE,,LIBRE,,LIBRE,
391,Amadís,Carmen de Burgos,s. f.,1932,Dominio público,"GEOBLOQUEAR:MX,PR,US",LIBRE,,LIBRE,,PROTEGIDO,2033,LIBRE,,LIBRE,,LIBRE,,REVISAR,,REVISAR,,LIBRE,,LIBRE,,LIBRE,,LIBRE,,LIBRE,,LIBRE,,LIBRE,,LIBRE,,LIBRE,,LIBRE,,LIBRE,,LIBRE,
394,Los Anticuarios,Carmen de Burgos,1919,1932,Dominio público,GEOBLOQUEAR:MX,LIBRE,,LIBRE,,PROTEGIDO,2033,LIBRE,,LIBRE,,LIBRE,,LIBRE,,LIBRE,,LIBRE,,LIBRE,,LIBRE,,LIBRE,,LIBRE,,LIBRE,,LIBRE,,LIBRE,,LIBRE,,LIBRE,,LIBRE,,LIBRE,
398,La Ciudad Encantada,Carmen de Burgos,s. f.,1932,Dominio público,"GEOBLOQUEAR:MX,PR,US",LIBRE,,LIBRE,,PROTEGIDO,2033,LIBRE,,LIBRE,,LIBRE,,REVISAR,,REVISAR,,LIBRE,,LIBRE,,LIBRE,,LIBRE,,LIBRE,,LIBRE,,LIBRE,,LIBRE,,LIBRE,,LIBRE,,LIBRE,,LIBRE,
389,Confidencias,Carmen de Burgos,1916,1932,Dominio público,GEOBLOQUEAR:MX,LIBRE,,LIBRE,,PROTEGIDO,2033,LIBRE,,LIBRE,,LIBRE,,LIBRE,,LIBRE,,LIBRE,,LIBRE,,LIBRE,,LIBRE,,LIBRE,,LIBRE,,LIBRE,,LIBRE,,LIBRE,,LIBRE,,LIBRE,,LIBRE,
392,Cuentos de Colombine,Carmen de Burgos,s. f.,1932,Dominio público,"GEOBLOQUEAR:MX,PR,US",LIBRE,,LIBRE,,PROTEGIDO,2033,LIBRE,,LIBRE,,LIBRE,,REVISAR,,REVISAR,,LIBRE,,LIBRE,,LIBRE,,LIBRE,,LIBRE,,LIBRE,,LIBRE,,LIBRE,,LIBRE,,LIBRE,,LIBRE,,LIBRE,
395,Los Espirituados,Carmen de Burgos,1923,1932,Dominio público,GEOBLOQUEAR:MX,LIBRE,,LIBRE,,PROTEGIDO,2033,LIBRE,,LIBRE,,LIBRE,,LIBRE,,LIBRE,,LIBRE,,LIBRE,,LIBRE,,LIBRE,,LIBRE,,LIBRE,,LIBRE,,LIBRE,,LIBRE,,LIBRE,,LIBRE,,LIBRE,
396,Los Inadaptados,Carmen de Burgos,1909,1932,Dominio público,GEOBLOQUEAR:MX,LIBRE,,LIBRE,,PROTEGIDO,2033,LIBRE,,LIBRE,,LIBRE,,LIBRE,,LIBRE,,LIBRE,,LIBRE,,LIBRE,,LIBRE,,LIBRE,,LIBRE,,LIBRE,,LIBRE,,LIBRE,,LIBRE,,LIBRE,,LIBRE,
401,La Justicia del Mar,Carmen de Burgos,s. f.,1932,Dominio público,"GEOBLOQUEAR:MX,PR,US",LIBRE,,LIBRE,,PROTEGIDO,2033,LIBRE,,LIBRE,,LIBRE,,REVISAR,,REVISAR,,LIBRE,,LIBRE,,LIBRE,,LIBRE,,LIBRE,,LIBRE,,LIBRE,,LIBRE,,LIBRE,,LIBRE,,LIBRE,,LIBRE,
402,Los Míseros,Carmen de Burgos,s. f.,1932,Dominio público,"GEOBLOQUEAR:MX,PR,US",LIBRE,,LIBRE,,PROTEGIDO,2033,LIBRE,,LIBRE,,LIBRE,,REVISAR,,REVISAR,,LIBRE,,LIBRE,,LIBRE,,LIBRE,,LIBRE,,LIBRE,,LIBRE,,LIBRE,,LIBRE,,LIBRE,,LIBRE,,LIBRE,
393,La Mujer Fantástica,Carmen de Burgos,1924,1932,Dominio público,GEOBLOQUEAR:MX,LIBRE,,LIBRE,,PROTEGIDO,2033,LIBRE,,LIBRE,,LIBRE,,LIBRE,,LIBRE,,LIBRE,,LIBRE,,LIBRE,,LIBRE,,LIBRE,,LIBRE,,LIBRE,,LIBRE,,LIBRE,,LIBRE,,LIBRE,,LIBRE,
399,La Mujer Fría,Carmen de Burgos,s. f.,1932,Dominio público,"GEOBLOQUEAR:MX,PR,US",LIBRE,,LIBRE,,PROTEGIDO,2033,LIBRE,,LIBRE,,LIBRE,,REVISAR,,REVISAR,,LIBRE,,LIBRE,,LIBRE,,LIBRE,,LIBRE,,LIBRE,,LIBRE,,LIBRE,,LIBRE,,LIBRE,,LIBRE,,LIBRE,
400,El Perseguidor,Carmen de Burgos,s. f.,1932,Dominio público,"GEOBLOQUEAR:MX,PR,US",LIBRE,,LIBRE,,PROTEGIDO,2033,LIBRE,,LIBRE,,LIBRE,,REVISAR,,REVISAR,,LIBRE,,LIBRE,,LIBRE,,LIBRE,,LIBRE,,LIBRE,,LIBRE,,LIBRE,,LIBRE,,LIBRE,,LIBRE,,LIBRE,
403,Puñal de Claveles,Carmen de Burgos,1931,1932,Dominio público,"GEOBLOQUEAR:MX,PR,US",LIBRE,,LIBRE,,PROTEGIDO,2033,LIBRE,,LIBRE,,LIBRE,,REVISAR,,REVISAR,,LIBRE,,LIBRE,,LIBRE,,LIBRE,,LIBRE,,LIBRE,,LIBRE,,LIBRE,,LIBRE,,LIBRE,,LIBRE,,LIBRE,
390,Quiero Vivir mi Vida,Carmen de Burgos,1931,1932,Dominio público,"GEOBLOQUEAR:MX,PR,US",LIBRE,,LIBRE,,PROTEGIDO,2033,LIBRE,,LIBRE,,LIBRE,,REVISAR,,REVISAR,,LIBRE,,LIBRE,,LIBRE,,LIBRE,,LIBRE,,LIBRE,,LIBRE,,LIBRE,,LIBRE,,LIBRE,,LIBRE,,LIBRE,
404,El Último Deseo,Carmen de Burgos,1916,1932,Dominio público,GEOBLOQUEAR:MX,LIBRE,,LIBRE,,PROTEGIDO,2033,LIBRE,,LIBRE,,LIBRE,,LIBRE,,LIBRE,,LIBRE,,LIBRE,,LIBRE,,LIBRE,,LIBRE,,LIBRE,,LIBRE,,LIBRE,,LIBRE,,LIBRE,,LIBRE,,LIBRE,
416,Callar en Vida y Perdonar en Muerte,Fernán Caballero,s. f.,1877,Dominio público,"GEOBLOQUEAR:PR,US",LIBRE,,LIBRE,,LIBRE,,LIBRE,,LIBRE,,LIBRE,,REVISAR,,REVISAR,,LIBRE,,LIBRE,,LIBRE,,LIBRE,,LIBRE,,LIBRE,,LIBRE,,LIBRE,,LIBRE,,LIBRE,,LIBRE,,LIBRE,
421,La Corruptora y la Buena Maestra,Fernán Caballero,s. f.,1877,Dominio público,"GEOBLOQUEAR:PR,US",LIBRE,,LIBRE,,LIBRE,,LIBRE,,LIBRE,,LIBRE,,REVISAR,,REVISAR,,LIBRE,,LIBRE,,LIBRE,,LIBRE,,LIBRE,,LIBRE,,LIBRE,,LIBRE,,LIBRE,,LIBRE,,LIBRE,,LIBRE,
417,Cosa Cumplida... Sólo en la Otra Vida,Fernán Caballero,s. f.,1877,Dominio público,"GEOBLOQUEAR:PR,US",LIBRE,,LIBRE,,LIBRE,,LIBRE,,LIBRE,,LIBRE,,REVISAR,,REVISAR,,LIBRE,,LIBRE,,LIBRE,,LIBRE,,LIBRE,,LIBRE,,LIBRE,,LIBRE,,LIBRE,,LIBRE,,LIBRE,,LIBRE,
422,Cuentos dispersos,Fernán Caballero,s. f.,1877,Dominio público,"GEOBLOQUEAR:PR,US",LIBRE,,LIBRE,,LIBRE,,LIBRE,,LIBRE,,LIBRE,,REVISAR,,REVISAR,,LIBRE,,LIBRE,,LIBRE,,LIBRE,,LIBRE,,LIBRE,,LIBRE,,LIBRE,,LIBRE,,LIBRE,,LIBRE,,LIBRE,
410,Las Dos Gracias,Fernán Caballero,s. f.,1877,Dominio público,"GEOBLOQUEAR:PR,US",LIBRE,,LIBRE,,LIBRE,,LIBRE,,LIBRE,,LIBRE,,REVISAR,,REVISAR,,LIBRE,,LIBRE,,LIBRE,,LIBRE,,LIBRE,,LIBRE,,LIBRE,,LIBRE,,LIBRE,,LIBRE,,LIBRE,,LIBRE,
409,Una en Otra,Fernán Caballero,1849,1877,Dominio público,PUBLICAR,LIBRE,,LIBRE,,LIBRE,,LIBRE,,LIBRE,,LIBRE,,LIBRE,,LIBRE,,LIBRE,,LIBRE,,LIBRE,,LIBRE,,LIBRE,,LIBRE,,LIBRE,,LIBRE,,LIBRE,,LIBRE,,LIBRE,,LIBRE,
411,La Estrella de Vandalia,Fernán Caballero,1855,1877,Dominio público,PUBLICAR,LIBRE,,LIBRE,,LIBRE,,LIBRE,,LIBRE,,LIBRE,,LIBRE,,LIBRE,,LIBRE,,LIBRE,,LIBRE,,LIBRE,,LIBRE,,LIBRE,,LIBRE,,LIBRE,,LIBRE,,LIBRE,,LIBRE,,LIBRE,
407,La Familia de Alvareda,Fernán Caballero,1856,1877,Dominio público,PUBLICAR,LIBRE,,LIBRE,,LIBRE,,LIBRE,,LIBRE,,LIBRE,,LIBRE,,LIBRE,,LIBRE,,LIBRE,,LIBRE,,LIBRE,,LIBRE,,LIBRE,,LIBRE,,LIBRE,,LIBRE,,LIBRE,,LIBRE,,LIBRE,
414,La Farisea,Fernán Caballero,s. f.,1877,Dominio público,"GEOBLOQUEAR:PR,US",LIBRE,,LIBRE,,LIBRE,,LIBRE,,LIBRE,,LIBRE,,REVISAR,,REVISAR,,LIBRE,,LIBRE,,LIBRE,,LIBRE,,LIBRE,,LIBRE,,LIBRE,,LIBRE,,LIBRE,,LIBRE,,LIBRE,,LIBRE,
420,La Flor de las Ruinas,Fernán Caballero,s. f.,1877,Dominio público,"GEOBLOQUEAR:PR,US",LIBRE,,LIBRE,,LIBRE,,LIBRE,,LIBRE,,LIBRE,,REVISAR,,REVISAR,,LIBRE,,LIBRE,,LIBRE,,LIBRE,,LIBRE,,LIBRE,,LIBRE,,LIBRE,,LIBRE,,LIBRE,,LIBRE,,LIBRE,
419,Justa y Rufina,Fernán Caballero,s. f.,1877,Dominio público,"GEOBLOQUEAR:PR,US",LIBRE,,LIBRE,,LIBRE,,LIBRE,,LIBRE,,LIBRE,,REVISAR,,REVISAR,,LIBRE,,LIBRE,,LIBRE,,LIBRE,,LIBRE,,LIBRE,,LIBRE,,LIBRE,,LIBRE,,LIBRE,,LIBRE,,LIBRE,
408,Lágrimas,Fernán Caballero,1839,1877,Dominio público,PUBLICAR,LIBRE,,LIBRE,,LIBRE,,LIBRE,,LIBRE,,LIBRE,,LIBRE,,LIBRE,,LIBRE,,LIBRE,,LIBRE,,LIBRE,,LIBRE,,LIBRE,,LIBRE,,LIBRE,,LIBRE,,LIBRE,,LIBRE,,LIBRE,
405,La Mitología Contada a los Niños e Historia de los Grandes Hombres de la Grecia,Fernán Caballero,1867,1877,Dominio público,PUBLICAR,LIBRE,,LIBRE,,LIBRE,,LIBRE,,LIBRE,,LIBRE,,LIBRE,,LIBRE,,LIBRE,,LIBRE,,LIBRE,,LIBRE,,LIBRE,,LIBRE,,LIBRE,,LIBRE,,LIBRE,,LIBRE,,LIBRE,,LIBRE,
418,No Transige la Conciencia,Fernán Caballero,s. f.,1877,Dominio público,"GEOBLOQUEAR:PR,US",LIBRE,,LIBRE,,LIBRE,,LIBRE,,LIBRE,,LIBRE,,REVISAR,,REVISAR,,LIBRE,,LIBRE,,LIBRE,,LIBRE,,LIBRE,,LIBRE,,LIBRE,,LIBRE,,LIBRE,,LIBRE,,LIBRE,,LIBRE,
412,¡Pobre Dolores!,Fernán Caballero,s. f.,1877,Dominio público,"GEOBLOQUEAR:PR,US",LIBRE,,LIBRE,,LIBRE,,LIBRE,,LIBRE,,LIBRE,,REVISAR,,REVISAR,,LIBRE,,LIBRE,,LIBRE,,LIBRE,,LIBRE,,LIBRE,,LIBRE,,LIBRE,,LIBRE,,LIBRE,,LIBRE,,LIBRE,
406,Relaciones,Fernán Caballero,s. f.,1877,Dominio público,"GEOBLOQUEAR:PR,US",LIBRE,,LIBRE,,LIBRE,,LIBRE,,LIBRE,,LIBRE,,REVISAR,,REVISAR,,LIBRE,,LIBRE,,LIBRE,,LIBRE,,LIBRE,,LIBRE,,LIBRE,,LIBRE,,LIBRE,,LIBRE,,LIBRE,,LIBRE,
415,Un Servilón y un Liberalito,Fernán Caballero,1857,1877,Dominio público,PUBLICAR,LIBRE,,LIBRE,,LIBRE,,LIBRE,,LIBRE,,LIBRE,,LIBRE,,LIBRE,,LIBRE,,LIBRE,,LIBRE,,LIBRE,,LIBRE,,LIBRE,,LIBRE,,LIBRE,,LIBRE,,LIBRE,,LIBRE,,LIBRE,
413,Vulgaridad y Nobleza,Fernán Caballero,s. f.,1877,Dominio público,"GEOBLOQUEAR:PR,US",LIBRE,,LIBRE,,LIBRE,,LIBRE,,LIBRE,,LIBRE,,REVISAR,,REVISAR,,LIBRE,,LIBRE,,LIBRE,,LIBRE,,LIBRE,,LIBRE,,LIBRE,,LIBRE,,LIBRE,,LIBRE,,LIBRE,,LIBRE,
431,Cuentos dispersos,Juana Manuela Gorriti,s. f.,1892,Dominio público,"GEOBLOQUEAR:PR,US",LIBRE,,LIBRE,,LIBRE,,LIBRE,,LIBRE,,LIBRE,,REVISAR,,REVISAR,,LIBRE,,LIBRE,,LIBRE,,LIBRE,,LIBRE,,LIBRE,,LIBRE,,LIBRE,,LIBRE,,LIBRE,,LIBRE,,LIBRE,
426,Escenas de Lima,Juana Manuela Gorriti,s. f.,1892,Dominio público,"GEOBLOQUEAR:PR,US",LIBRE,,LIBRE,,LIBRE,,LIBRE,,LIBRE,,LIBRE,,REVISAR,,REVISAR,,LIBRE,,LIBRE,,LIBRE,,LIBRE,,LIBRE,,LIBRE,,LIBRE,,LIBRE,,LIBRE,,LIBRE,,LIBRE,,LIBRE,
429,Feliza,Juana Manuela Gorriti,s. f.,1892,Dominio público,"GEOBLOQUEAR:PR,US",LIBRE,,LIBRE,,LIBRE,,LIBRE,,LIBRE,,LIBRE,,REVISAR,,REVISAR,,LIBRE,,LIBRE,,LIBRE,,LIBRE,,LIBRE,,LIBRE,,LIBRE,,LIBRE,,LIBRE,,LIBRE,,LIBRE,,LIBRE,
427,El Guante Negro,Juana Manuela Gorriti,s. f.,1892,Dominio público,"GEOBLOQUEAR:PR,US",LIBRE,,LIBRE,,LIBRE,,LIBRE,,LIBRE,,LIBRE,,REVISAR,,REVISAR,,LIBRE,,LIBRE,,LIBRE,,LIBRE,,LIBRE,,LIBRE,,LIBRE,,LIBRE,,LIBRE,,LIBRE,,LIBRE,,LIBRE,
430,La Hija del Mashorquero,Juana Manuela Gorriti,s. f.,1892,Dominio público,"GEOBLOQUEAR:PR,US",LIBRE,,LIBRE,,LIBRE,,LIBRE,,LIBRE,,LIBRE,,REVISAR,,REVISAR,,LIBRE,,LIBRE,,LIBRE,,LIBRE,,LIBRE,,LIBRE,,LIBRE,,LIBRE,,LIBRE,,LIBRE,,LIBRE,,LIBRE,
423,Oasis en la Vida,Juana Manuela Gorriti,1888,1892,Dominio público,PUBLICAR,LIBRE,,LIBRE,,LIBRE,,LIBRE,,LIBRE,,LIBRE,,LIBRE,,LIBRE,,LIBRE,,LIBRE,,LIBRE,,LIBRE,,LIBRE,,LIBRE,,LIBRE,,LIBRE,,LIBRE,,LIBRE,,LIBRE,,LIBRE,
424,El Pozo del Yocci,Juana Manuela Gorriti,1869,1892,Dominio público,PUBLICAR,LIBRE,,LIBRE,,LIBRE,,LIBRE,,LIBRE,,LIBRE,,LIBRE,,LIBRE,,LIBRE,,LIBRE,,LIBRE,,LIBRE,,LIBRE,,LIBRE,,LIBRE,,LIBRE,,LIBRE,,LIBRE,,LIBRE,,LIBRE,
425,La Quena,Juana Manuela Gorriti,1845,1892,Dominio público,PUBLICAR,LIBRE,,LIBRE,,LIBRE,,LIBRE,,LIBRE,,LIBRE,,LIBRE,,LIBRE,,LIBRE,,LIBRE,,LIBRE,,LIBRE,,LIBRE,,LIBRE,,LIBRE,,LIBRE,,LIBRE,,LIBRE,,LIBRE,,LIBRE,
428,Una Visita al Manicomio,Juana Manuela Gorriti,s. f.,1892,Dominio público,"GEOBLOQUEAR:PR,US",LIBRE,,LIBRE,,LIBRE,,LIBRE,,LIBRE,,LIBRE,,REVISAR,,REVISAR,,LIBRE,,LIBRE,,LIBRE,,LIBRE,,LIBRE,,LIBRE,,LIBRE,,LIBRE,,LIBRE,,LIBRE,,LIBRE,,LIBRE,
435,Un Crimen,Soledad Acosta de Samper,s. f.,1913,Dominio público,"GEOBLOQUEAR:PR,US",LIBRE,,LIBRE,,LIBRE,,LIBRE,,LIBRE,,LIBRE,,REVISAR,,REVISAR,,LIBRE,,LIBRE,,LIBRE,,LIBRE,,LIBRE,,LIBRE,,LIBRE,,LIBRE,,LIBRE,,LIBRE,,LIBRE,,LIBRE,
434,Mercedes,Soledad Acosta de Samper,s. f.,1913,Dominio público,"GEOBLOQUEAR:PR,US",LIBRE,,LIBRE,,LIBRE,,LIBRE,,LIBRE,,LIBRE,,REVISAR,,REVISAR,,LIBRE,,LIBRE,,LIBRE,,LIBRE,,LIBRE,,LIBRE,,LIBRE,,LIBRE,,LIBRE,,LIBRE,,LIBRE,,LIBRE,
432,Los Piratas en Cartagena,Soledad Acosta de Samper,1886,1913,Dominio público,PUBLICAR,LIBRE,,LIBRE,,LIBRE,,LIBRE,,LIBRE,,LIBRE,,LIBRE,,LIBRE,,LIBRE,,LIBRE,,LIBRE,,LIBRE,,LIBRE,,LIBRE,,LIBRE,,LIBRE,,LIBRE,,LIBRE,,LIBRE,,LIBRE,
433,Teresa la Limeña,Soledad Acosta de Samper,1869,1913,Dominio público,PUBLICAR,LIBRE,,LIBRE,,LIBRE,,LIBRE,,LIBRE,,LIBRE,,LIBRE,,LIBRE,,LIBRE,,LIBRE,,LIBRE,,LIBRE,,LIBRE,,LIBRE,,LIBRE,,LIBRE,,LIBRE,,LIBRE,,LIBRE,,LIBRE,
455,Algo de Todo,Juan Valera,s. f.,1905,Dominio público,"GEOBLOQUEAR:PR,US",LIBRE,,LIBRE,,LIBRE,,LIBRE,,LIBRE,,LIBRE,,REVISAR,,REVISAR,,LIBRE,,LIBRE,,LIBRE,,LIBRE,,LIBRE,,LIBRE,,LIBRE,,LIBRE,,LIBRE,,LIBRE,,LIBRE,,LIBRE,
453,Asclepigenia,Juan Valera,1878,1905,Dominio público,PUBLICAR,LIBRE,,LIBRE,,LIBRE,,LIBRE,,LIBRE,,LIBRE,,LIBRE,,LIBRE,,LIBRE,,LIBRE,,LIBRE,,LIBRE,,LIBRE,,LIBRE,,LIBRE,,LIBRE,,LIBRE,,LIBRE,,LIBRE,,LIBRE,
449,La Buena Fama,Juan Valera,s. f.,1905,Dominio público,"GEOBLOQUEAR:PR,US",LIBRE,,LIBRE,,LIBRE,,LIBRE,,LIBRE,,LIBRE,,REVISAR,,REVISAR,,LIBRE,,LIBRE,,LIBRE,,LIBRE,,LIBRE,,LIBRE,,LIBRE,,LIBRE,,LIBRE,,LIBRE,,LIBRE,,LIBRE,
456,El Caballero de Azor,Juan Valera,s. f.,1905,Dominio público,"GEOBLOQUEAR:PR,US",LIBRE,,LIBRE,,LIBRE,,LIBRE,,LIBRE,,LIBRE,,REVISAR,,REVISAR,,LIBRE,,LIBRE,,LIBRE,,LIBRE,,LIBRE,,LIBRE,,LIBRE,,LIBRE,,LIBRE,,LIBRE,,LIBRE,,LIBRE,
445,Cartas Americanas,Juan Valera,1889,1905,Dominio público,PUBLICAR,LIBRE,,LIBRE,,LIBRE,,LIBRE,,LIBRE,,LIBRE,,LIBRE,,LIBRE,,LIBRE,,LIBRE,,LIBRE,,LIBRE,,LIBRE,,LIBRE,,LIBRE,,LIBRE,,LIBRE,,LIBRE,,LIBRE,,LIBRE,
442,El Comendador Mendoza,Juan Valera,1877,1905,Dominio público,PUBLICAR,LIBRE,,LIBRE,,LIBRE,,LIBRE,,LIBRE,,LIBRE,,LIBRE,,LIBRE,,LIBRE,,LIBRE,,LIBRE,,LIBRE,,LIBRE,,LIBRE,,LIBRE,,LIBRE,,LIBRE,,LIBRE,,LIBRE,,LIBRE,
439,Cuentos y Chascarrillos Andaluces,Juan Valera,1896,1905,Dominio público,PUBLICAR,LIBRE,,LIBRE,,LIBRE,,LIBRE,,LIBRE,,LIBRE,,LIBRE,,LIBRE,,LIBRE,,LIBRE,,LIBRE,,LIBRE,,LIBRE,,LIBRE,,LIBRE,,LIBRE,,LIBRE,,LIBRE,,LIBRE,,LIBRE,
441,Cuentos y Diálogos,Juan Valera,s. f.,1905,Dominio público,"GEOBLOQUEAR:PR,US",LIBRE,,LIBRE,,LIBRE,,LIBRE,,LIBRE,,LIBRE,,REVISAR,,REVISAR,,LIBRE,,LIBRE,,LIBRE,,LIBRE,,LIBRE,,LIBRE,,LIBRE,,LIBRE,,LIBRE,,LIBRE,,LIBRE,,LIBRE,
447,Doña Luz,Juan Valera,1879,1905,Dominio público,PUBLICAR,LIBRE,,LIBRE,,LIBRE,,LIBRE,,LIBRE,,LIBRE,,LIBRE,,LIBRE,,LIBRE,,LIBRE,,LIBRE,,LIBRE,,LIBRE,,LIBRE,,LIBRE,,LIBRE,,LIBRE,,LIBRE,,LIBRE,,LIBRE,
454,Garuda o la Cigüeña Blanca,Juan Valera,s. f.,1905,Dominio público,"GEOBLOQUEAR:PR,US",LIBRE,,LIBRE,,LIBRE,,LIBRE,,LIBRE,,LIBRE,,REVISAR,,REVISAR,,LIBRE,,LIBRE,,LIBRE,,LIBRE,,LIBRE,,LIBRE,,LIBRE,,LIBRE,,LIBRE,,LIBRE,,LIBRE,,LIBRE,
444,Genio y Figura,Juan Valera,1897,1905,Dominio público,PUBLICAR,LIBRE,,LIBRE,,LIBRE,,LIBRE,,LIBRE,,LIBRE,,LIBRE,,LIBRE,,LIBRE,,LIBRE,,LIBRE,,LIBRE,,LIBRE,,LIBRE,,LIBRE,,LIBRE,,LIBRE,,LIBRE,,LIBRE,,LIBRE,
438,Juanita la Larga,Juan Valera,1895,1905,Dominio público,PUBLICAR,LIBRE,,LIBRE,,LIBRE,,LIBRE,,LIBRE,,LIBRE,,LIBRE,,LIBRE,,LIBRE,,LIBRE,,LIBRE,,LIBRE,,LIBRE,,LIBRE,,LIBRE,,LIBRE,,LIBRE,,LIBRE,,LIBRE,,LIBRE,
452,Leyendas del Antiguo Oriente,Juan Valera,s. f.,1905,Dominio público,"GEOBLOQUEAR:PR,US",LIBRE,,LIBRE,,LIBRE,,LIBRE,,LIBRE,,LIBRE,,REVISAR,,REVISAR,,LIBRE,,LIBRE,,LIBRE,,LIBRE,,LIBRE,,LIBRE,,LIBRE,,LIBRE,,LIBRE,,LIBRE,,LIBRE,,LIBRE,
450,Mariquita y Antonio,Juan Valera,1861,1905,Dominio público,PUBLICAR,LIBRE,,LIBRE,,LIBRE,,LIBRE,,LIBRE,,LIBRE,,LIBRE,,LIBRE,,LIBRE,,LIBRE,,LIBRE,,LIBRE,,LIBRE,,LIBRE,,LIBRE,,LIBRE,,LIBRE,,LIBRE,,LIBRE,,LIBRE,
437,Morsamor,Juan Valera,1899,1905,Dominio público,PUBLICAR,LIBRE,,LIBRE,,LIBRE,,LIBRE,,LIBRE,,LIBRE,,LIBRE,,LIBRE,,LIBRE,,LIBRE,,LIBRE,,LIBRE,,LIBRE,,LIBRE,,LIBRE,,LIBRE,,LIBRE,,LIBRE,,LIBRE,,LIBRE,
446,Nuevas Cartas Americanas,Juan Valera,1890,1905,Dominio público,PUBLICAR,LIBRE,,LIBRE,,LIBRE,,LIBRE,,LIBRE,,LIBRE,,LIBRE,,LIBRE,,LIBRE,,LIBRE,,LIBRE,,LIBRE,,LIBRE,,LIBRE,,LIBRE,,LIBRE,,LIBRE,,LIBRE,,LIBRE,,LIBRE,
448,Pasarse de Listo,Juan Valera,1878,1905,Dominio público,PUBLICAR,LIBRE,,LIBRE,,LIBRE,,LIBRE,,LIBRE,,LIBRE,,LIBRE,,LIBRE,,LIBRE,,LIBRE,,LIBRE,,LIBRE,,LIBRE,,LIBRE,,LIBRE,,LIBRE,,LIBRE,,LIBRE,,LIBRE,,LIBRE,
440,El Superhombre y Otras Novedades,Juan Valera,s. f.,1905,Dominio público,"GEOBLOQUEAR:PR,US",LIBRE,,LIBRE,,LIBRE,,LIBRE,,LIBRE,,LIBRE,,REVISAR,,REVISAR,,LIBRE,,LIBRE,,LIBRE,,LIBRE,,LIBRE,,LIBRE,,LIBRE,,LIBRE,,LIBRE,,LIBRE,,LIBRE,,LIBRE,
436,De Varios Colores,Juan Valera,s. f.,1905,Dominio público,"GEOBLOQUEAR:PR,US",LIBRE,,LIBRE,,LIBRE,,LIBRE,,LIBRE,,LIBRE,,REVISAR,,REVISAR,,LIBRE,,LIBRE,,LIBRE,,LIBRE,,LIBRE,,LIBRE,,LIBRE,,LIBRE,,LIBRE,,LIBRE,,LIBRE,,LIBRE,
443,A Vuela Pluma,Juan Valera,s. f.,1905,Dominio público,"GEOBLOQUEAR:PR,US",LIBRE,,LIBRE,,LIBRE,,LIBRE,,LIBRE,,LIBRE,,REVISAR,,REVISAR,,LIBRE,,LIBRE,,LIBRE,,LIBRE,,LIBRE,,LIBRE,,LIBRE,,LIBRE,,LIBRE,,LIBRE,,LIBRE,,LIBRE,
468,Águila de Blasón,Ramón María del Valle-Inclán,1907,1936,Dominio público,GEOBLOQUEAR:MX,LIBRE,,LIBRE,,PROTEGIDO,2037,LIBRE,,LIBRE,,LIBRE,,LIBRE,,LIBRE,,LIBRE,,LIBRE,,LIBRE,,LIBRE,,LIBRE,,LIBRE,,LIBRE,,LIBRE,,LIBRE,,LIBRE,,LIBRE,,LIBRE,
486,Un Bastardo de Narizotas,Ramón María del Valle-Inclán,s. f.,1936,Dominio público,"GEOBLOQUEAR:MX,PR,US",LIBRE,,LIBRE,,PROTEGIDO,2037,LIBRE,,LIBRE,,LIBRE,,REVISAR,,REVISAR,,LIBRE,,LIBRE,,LIBRE,,LIBRE,,LIBRE,,LIBRE,,LIBRE,,LIBRE,,LIBRE,,LIBRE,,LIBRE,,LIBRE,
460,Baza de Espadas,Ramón María del Valle-Inclán,1932,1936,Dominio público,"GEOBLOQUEAR:MX,PR,US",LIBRE,,LIBRE,,PROTEGIDO,2037,LIBRE,,LIBRE,,LIBRE,,REVISAR,,REVISAR,,LIBRE,,LIBRE,,LIBRE,,LIBRE,,LIBRE,,LIBRE,,LIBRE,,LIBRE,,LIBRE,,LIBRE,,LIBRE,,LIBRE,
465,La Cara de Dios,Ramón María del Valle-Inclán,1899,1936,Dominio público,GEOBLOQUEAR:MX,LIBRE,,LIBRE,,PROTEGIDO,2037,LIBRE,,LIBRE,,LIBRE,,LIBRE,,LIBRE,,LIBRE,,LIBRE,,LIBRE,,LIBRE,,LIBRE,,LIBRE,,LIBRE,,LIBRE,,LIBRE,,LIBRE,,LIBRE,,LIBRE,
478,Cara de Plata,Ramón María del Valle-Inclán,1922,1936,Dominio público,GEOBLOQUEAR:MX,LIBRE,,LIBRE,,PROTEGIDO,2037,LIBRE,,LIBRE,,LIBRE,,LIBRE,,LIBRE,,LIBRE,,LIBRE,,LIBRE,,LIBRE,,LIBRE,,LIBRE,,LIBRE,,LIBRE,,LIBRE,,LIBRE,,LIBRE,,LIBRE,
461,Comedias Bárbaras,Ramón María del Valle-Inclán,1907,1936,Dominio público,GEOBLOQUEAR:MX,LIBRE,,LIBRE,,PROTEGIDO,2037,LIBRE,,LIBRE,,LIBRE,,LIBRE,,LIBRE,,LIBRE,,LIBRE,,LIBRE,,LIBRE,,LIBRE,,LIBRE,,LIBRE,,LIBRE,,LIBRE,,LIBRE,,LIBRE,,LIBRE,
467,Corte de Amor,Ramón María del Valle-Inclán,1903,1936,Dominio público,GEOBLOQUEAR:MX,LIBRE,,LIBRE,,PROTEGIDO,2037,LIBRE,,LIBRE,,LIBRE,,LIBRE,,LIBRE,,LIBRE,,LIBRE,,LIBRE,,LIBRE,,LIBRE,,LIBRE,,LIBRE,,LIBRE,,LIBRE,,LIBRE,,LIBRE,,LIBRE,
459,La Corte de los Milagros,Ramón María del Valle-Inclán,1927,1936,Dominio público,GEOBLOQUEAR:MX,LIBRE,,LIBRE,,PROTEGIDO,2037,LIBRE,,LIBRE,,LIBRE,,LIBRE,,LIBRE,,LIBRE,,LIBRE,,LIBRE,,LIBRE,,LIBRE,,LIBRE,,LIBRE,,LIBRE,,LIBRE,,LIBRE,,LIBRE,,LIBRE,
472,Los Cruzados de la Causa,Ramón María del Valle-Inclán,1908,1936,Dominio público,GEOBLOQUEAR:MX,LIBRE,,LIBRE,,PROTEGIDO,2037,LIBRE,,LIBRE,,LIBRE,,LIBRE,,LIBRE,,LIBRE,,LIBRE,,LIBRE,,LIBRE,,LIBRE,,LIBRE,,LIBRE,,LIBRE,,LIBRE,,LIBRE,,LIBRE,,LIBRE,
475,Divinas Palabras,Ramón María del Valle-Inclán,1920,1936,Dominio público,GEOBLOQUEAR:MX,LIBRE,,LIBRE,,PROTEGIDO,2037,LIBRE,,LIBRE,,LIBRE,,LIBRE,,LIBRE,,LIBRE,,LIBRE,,LIBRE,,LIBRE,,LIBRE,,LIBRE,,LIBRE,,LIBRE,,LIBRE,,LIBRE,,LIBRE,,LIBRE,
488,Epitalamio,Ramón María del Valle-Inclán,s. f.,1936,Dominio público,"GEOBLOQUEAR:MX,PR,US",LIBRE,,LIBRE,,PROTEGIDO,2037,LIBRE,,LIBRE,,LIBRE,,REVISAR,,REVISAR,,LIBRE,,LIBRE,,LIBRE,,LIBRE,,LIBRE,,LIBRE,,LIBRE,,LIBRE,,LIBRE,,LIBRE,,LIBRE,,LIBRE,
483,Femeninas,Ramón María del Valle-Inclán,1895,1936,Dominio público,GEOBLOQUEAR:MX,LIBRE,,LIBRE,,PROTEGIDO,2037,LIBRE,,LIBRE,,LIBRE,,LIBRE,,LIBRE,,LIBRE,,LIBRE,,LIBRE,,LIBRE,,LIBRE,,LIBRE,,LIBRE,,LIBRE,,LIBRE,,LIBRE,,LIBRE,,LIBRE,
462,Fin de un Revolucionario,Ramón María del Valle-Inclán,s. f.,1936,Dominio público,"GEOBLOQUEAR:MX,PR,US",LIBRE,,LIBRE,,PROTEGIDO,2037,LIBRE,,LIBRE,,LIBRE,,REVISAR,,REVISAR,,LIBRE,,LIBRE,,LIBRE,,LIBRE,,LIBRE,,LIBRE,,LIBRE,,LIBRE,,LIBRE,,LIBRE,,LIBRE,,LIBRE,
469,Flor de Almendro,Ramón María del Valle-Inclán,s. f.,1936,Dominio público,"GEOBLOQUEAR:MX,PR,US",LIBRE,,LIBRE,,PROTEGIDO,2037,LIBRE,,LIBRE,,LIBRE,,REVISAR,,REVISAR,,LIBRE,,LIBRE,,LIBRE,,LIBRE,,LIBRE,,LIBRE,,LIBRE,,LIBRE,,LIBRE,,LIBRE,,LIBRE,,LIBRE,
473,Flor de Santidad,Ramón María del Valle-Inclán,1904,1936,Dominio público,GEOBLOQUEAR:MX,LIBRE,,LIBRE,,PROTEGIDO,2037,LIBRE,,LIBRE,,LIBRE,,LIBRE,,LIBRE,,LIBRE,,LIBRE,,LIBRE,,LIBRE,,LIBRE,,LIBRE,,LIBRE,,LIBRE,,LIBRE,,LIBRE,,LIBRE,,LIBRE,
471,Gerifaltes de Antaño,Ramón María del Valle-Inclán,1909,1936,Dominio público,GEOBLOQUEAR:MX,LIBRE,,LIBRE,,PROTEGIDO,2037,LIBRE,,LIBRE,,LIBRE,,LIBRE,,LIBRE,,LIBRE,,LIBRE,,LIBRE,,LIBRE,,LIBRE,,LIBRE,,LIBRE,,LIBRE,,LIBRE,,LIBRE,,LIBRE,,LIBRE,
463,Jardín Umbrío,Ramón María del Valle-Inclán,1903,1936,Dominio público,GEOBLOQUEAR:MX,LIBRE,,LIBRE,,PROTEGIDO,2037,LIBRE,,LIBRE,,LIBRE,,LIBRE,,LIBRE,,LIBRE,,LIBRE,,LIBRE,,LIBRE,,LIBRE,,LIBRE,,LIBRE,,LIBRE,,LIBRE,,LIBRE,,LIBRE,,LIBRE,
464,La Lámpara Maravillosa,Ramón María del Valle-Inclán,1916,1936,Dominio público,GEOBLOQUEAR:MX,LIBRE,,LIBRE,,PROTEGIDO,2037,LIBRE,,LIBRE,,LIBRE,,LIBRE,,LIBRE,,LIBRE,,LIBRE,,LIBRE,,LIBRE,,LIBRE,,LIBRE,,LIBRE,,LIBRE,,LIBRE,,LIBRE,,LIBRE,,LIBRE,
484,Luces de Bohemia,Ramón María del Valle-Inclán,1920,1936,Dominio público,GEOBLOQUEAR:MX,LIBRE,,LIBRE,,PROTEGIDO,2037,LIBRE,,LIBRE,,LIBRE,,LIBRE,,LIBRE,,LIBRE,,LIBRE,,LIBRE,,LIBRE,,LIBRE,,LIBRE,,LIBRE,,LIBRE,,LIBRE,,LIBRE,,LIBRE,,LIBRE,
490,El Marqués de Bradomín,Ramón María del Valle-Inclán,1907,1936,Dominio público,GEOBLOQUEAR:MX,LIBRE,,LIBRE,,PROTEGIDO,2037,LIBRE,,LIBRE,,LIBRE,,LIBRE,,LIBRE,,LIBRE,,LIBRE,,LIBRE,,LIBRE,,LIBRE,,LIBRE,,LIBRE,,LIBRE,,LIBRE,,LIBRE,,LIBRE,,LIBRE,
470,Martes de Carnaval,Ramón María del Valle-Inclán,1930,1936,Dominio público,GEOBLOQUEAR:MX,LIBRE,,LIBRE,,PROTEGIDO,2037,LIBRE,,LIBRE,,LIBRE,,LIBRE,,LIBRE,,LIBRE,,LIBRE,,LIBRE,,LIBRE,,LIBRE,,LIBRE,,LIBRE,,LIBRE,,LIBRE,,LIBRE,,LIBRE,,LIBRE,
466,La Media Noche,Ramón María del Valle-Inclán,1917,1936,Dominio público,GEOBLOQUEAR:MX,LIBRE,,LIBRE,,PROTEGIDO,2037,LIBRE,,LIBRE,,LIBRE,,LIBRE,,LIBRE,,LIBRE,,LIBRE,,LIBRE,,LIBRE,,LIBRE,,LIBRE,,LIBRE,,LIBRE,,LIBRE,,LIBRE,,LIBRE,,LIBRE,
476,Mi Hermana Antonia,Ramón María del Valle-Inclán,s. f.,1936,Dominio público,"GEOBLOQUEAR:MX,PR,US",LIBRE,,LIBRE,,PROTEGIDO,2037,LIBRE,,LIBRE,,LIBRE,,REVISAR,,REVISAR,,LIBRE,,LIBRE,,LIBRE,,LIBRE,,LIBRE,,LIBRE,,LIBRE,,LIBRE,,LIBRE,,LIBRE,,LIBRE,,LIBRE,
480,La Pipa de Kif,Ramón María del Valle-Inclán,1919,1936,Dominio público,GEOBLOQUEAR:MX,LIBRE,,LIBRE,,PROTEGIDO,2037,LIBRE,,LIBRE,,LIBRE,,LIBRE,,LIBRE,,LIBRE,,LIBRE,,LIBRE,,LIBRE,,LIBRE,,LIBRE,,LIBRE,,LIBRE,,LIBRE,,LIBRE,,LIBRE,,LIBRE,
474,El Resplandor de la Hoguera,Ramón María del Valle-Inclán,1909,1936,Dominio público,GEOBLOQUEAR:MX,LIBRE,,LIBRE,,PROTEGIDO,2037,LIBRE,,LIBRE,,LIBRE,,LIBRE,,LIBRE,,LIBRE,,LIBRE,,LIBRE,,LIBRE,,LIBRE,,LIBRE,,LIBRE,,LIBRE,,LIBRE,,LIBRE,,LIBRE,,LIBRE,
482,"Retablo de la Avaricia, la Lujuria y la Muerte",Ramón María del Valle-Inclán,s. f.,1936,Dominio público,"GEOBLOQUEAR:MX,PR,US",LIBRE,,LIBRE,,PROTEGIDO,2037,LIBRE,,LIBRE,,LIBRE,,REVISAR,,REVISAR,,LIBRE,,LIBRE,,LIBRE,,LIBRE,,LIBRE,,LIBRE,,LIBRE,,LIBRE,,LIBRE,,LIBRE,,LIBRE,,LIBRE,
477,Romance de Lobos,Ramón María del Valle-Inclán,1908,1936,Dominio público,GEOBLOQUEAR:MX,LIBRE,,LIBRE,,PROTEGIDO,2037,LIBRE,,LIBRE,,LIBRE,,LIBRE,,LIBRE,,LIBRE,,LIBRE,,LIBRE,,LIBRE,,LIBRE,,LIBRE,,LIBRE,,LIBRE,,LIBRE,,LIBRE,,LIBRE,,LIBRE,
481,Tablado de Marionetas para Educación de Príncipes,Ramón María del Valle-Inclán,s. f.,1936,Dominio público,"GEOBLOQUEAR:MX,PR,US",LIBRE,,LIBRE,,PROTEGIDO,2037,LIBRE,,LIBRE,,LIBRE,,REVISAR,,REVISAR,,LIBRE,,LIBRE,,LIBRE,,LIBRE,,LIBRE,,LIBRE,,LIBRE,,LIBRE,,LIBRE,,LIBRE,,LIBRE,,LIBRE,
485,Teatrillo de Enredo,Ramón María del Valle-Inclán,s. f.,1936,Dominio público,"GEOBLOQUEAR:MX,PR,US",LIBRE,,LIBRE,,PROTEGIDO,2037,LIBRE,,LIBRE,,LIBRE,,REVISAR,,REVISAR,,LIBRE,,LIBRE,,LIBRE,,LIBRE,,LIBRE,,LIBRE,,LIBRE,,LIBRE,,LIBRE,,LIBRE,,LIBRE,,LIBRE,
487,Una Tertulia de Antaño,Ramón María del Valle-Inclán,s. f.,1936,Dominio público,"GEOBLOQUEAR:MX,PR,US",LIBRE,,LIBRE,,PROTEGIDO,2037,LIBRE,,LIBRE,,LIBRE,,REVISAR,,REVISAR,,LIBRE,,LIBRE,,LIBRE,,LIBRE,,LIBRE,,LIBRE,,LIBRE,,LIBRE,,LIBRE,,LIBRE,,LIBRE,,LIBRE,
458,Tirano Banderas,Ramón María del Valle-Inclán,1926,1936,Dominio público,GEOBLOQUEAR:MX,LIBRE,,LIBRE,,PROTEGIDO,2037,LIBRE,,LIBRE,,LIBRE,,LIBRE,,LIBRE,,LIBRE,,LIBRE,,LIBRE,,LIBRE,,LIBRE,,LIBRE,,LIBRE,,LIBRE,,LIBRE,,LIBRE,,LIBRE,,LIBRE,
479,El Trueno Dorado,Ramón María del Valle-Inclán,1936,1936,Dominio público,"GEOBLOQUEAR:MX,PR,US",LIBRE,,LIBRE,,PROTEGIDO,2037,LIBRE,,LIBRE,,LIBRE,,REVISAR,,REVISAR,,LIBRE,,LIBRE,,LIBRE,,LIBRE,,LIBRE,,LIBRE,,LIBRE,,LIBRE,,LIBRE,,LIBRE,,LIBRE,,LIBRE,
457,Viva mi Dueño,Ramón María del Valle-Inclán,1928,1936,Dominio público,GEOBLOQUEAR:MX,LIBRE,,LIBRE,,PROTEGIDO,2037,LIBRE,,LIBRE,,LIBRE,,LIBRE,,LIBRE,,LIBRE,,LIBRE,,LIBRE,,LIBRE,,LIBRE,,LIBRE,,LIBRE,,LIBRE,,LIBRE,,LIBRE,,LIBRE,,LIBRE,
489,El Yermo de las Almas,Ramón María del Valle-Inclán,1908,1936,Dominio público,GEOBLOQUEAR:MX,LIBRE,,LIBRE,,PROTEGIDO,2037,LIBRE,,LIBRE,,LIBRE,,LIBRE,,LIBRE,,LIBRE,,LIBRE,,LIBRE,,LIBRE,,LIBRE,,LIBRE,,LIBRE,,LIBRE,,LIBRE,,LIBRE,,LIBRE,,LIBRE,
497,La Alpujarra,Pedro Antonio de Alarcón,1874,1891,Dominio público,PUBLICAR,LIBRE,,LIBRE,,LIBRE,,LIBRE,,LIBRE,,LIBRE,,LIBRE,,LIBRE,,LIBRE,,LIBRE,,LIBRE,,LIBRE,,LIBRE,,LIBRE,,LIBRE,,LIBRE,,LIBRE,,LIBRE,,LIBRE,,LIBRE,
505,El Amigo de la Muerte,Pedro Antonio de Alarcón,1852,1891,Dominio público,PUBLICAR,LIBRE,,LIBRE,,LIBRE,,LIBRE,,LIBRE,,LIBRE,,LIBRE,,LIBRE,,LIBRE,,LIBRE,,LIBRE,,LIBRE,,LIBRE,,LIBRE,,LIBRE,,LIBRE,,LIBRE,,LIBRE,,LIBRE,,LIBRE,
503,El Año en Spitzberg,Pedro Antonio de Alarcón,s. f.,1891,Dominio público,"GEOBLOQUEAR:PR,US",LIBRE,,LIBRE,,LIBRE,,LIBRE,,LIBRE,,LIBRE,,REVISAR,,REVISAR,,LIBRE,,LIBRE,,LIBRE,,LIBRE,,LIBRE,,LIBRE,,LIBRE,,LIBRE,,LIBRE,,LIBRE,,LIBRE,,LIBRE,
500,El Capitán Veneno,Pedro Antonio de Alarcón,1881,1891,Dominio público,PUBLICAR,LIBRE,,LIBRE,,LIBRE,,LIBRE,,LIBRE,,LIBRE,,LIBRE,,LIBRE,,LIBRE,,LIBRE,,LIBRE,,LIBRE,,LIBRE,,LIBRE,,LIBRE,,LIBRE,,LIBRE,,LIBRE,,LIBRE,,LIBRE,
504,El Clavo,Pedro Antonio de Alarcón,1853,1891,Dominio público,PUBLICAR,LIBRE,,LIBRE,,LIBRE,,LIBRE,,LIBRE,,LIBRE,,LIBRE,,LIBRE,,LIBRE,,LIBRE,,LIBRE,,LIBRE,,LIBRE,,LIBRE,,LIBRE,,LIBRE,,LIBRE,,LIBRE,,LIBRE,,LIBRE,
493,Cuentos Amatorios,Pedro Antonio de Alarcón,1881,1891,Dominio público,PUBLICAR,LIBRE,,LIBRE,,LIBRE,,LIBRE,,LIBRE,,LIBRE,,LIBRE,,LIBRE,,LIBRE,,LIBRE,,LIBRE,,LIBRE,,LIBRE,,LIBRE,,LIBRE,,LIBRE,,LIBRE,,LIBRE,,LIBRE,,LIBRE,
496,El Escándalo,Pedro Antonio de Alarcón,1875,1891,Dominio público,PUBLICAR,LIBRE,,LIBRE,,LIBRE,,LIBRE,,LIBRE,,LIBRE,,LIBRE,,LIBRE,,LIBRE,,LIBRE,,LIBRE,,LIBRE,,LIBRE,,LIBRE,,LIBRE,,LIBRE,,LIBRE,,LIBRE,,LIBRE,,LIBRE,
495,El Final de Norma,Pedro Antonio de Alarcón,1855,1891,Dominio público,PUBLICAR,LIBRE,,LIBRE,,LIBRE,,LIBRE,,LIBRE,,LIBRE,,LIBRE,,LIBRE,,LIBRE,,LIBRE,,LIBRE,,LIBRE,,LIBRE,,LIBRE,,LIBRE,,LIBRE,,LIBRE,,LIBRE,,LIBRE,,LIBRE,
491,Historietas Nacionales,Pedro Antonio de Alarcón,1881,1891,Dominio público,PUBLICAR,LIBRE,,LIBRE,,LIBRE,,LIBRE,,LIBRE,,LIBRE,,LIBRE,,LIBRE,,LIBRE,,LIBRE,,LIBRE,,LIBRE,,LIBRE,,LIBRE,,LIBRE,,LIBRE,,LIBRE,,LIBRE,,LIBRE,,LIBRE,
509,Mañanas de Abril y Mayo,Pedro Antonio de Alarcón,s. f.,1891,Dominio público,"GEOBLOQUEAR:PR,US",LIBRE,,LIBRE,,LIBRE,,LIBRE,,LIBRE,,LIBRE,,REVISAR,,REVISAR,,LIBRE,,LIBRE,,LIBRE,,LIBRE,,LIBRE,,LIBRE,,LIBRE,,LIBRE,,LIBRE,,LIBRE,,LIBRE,,LIBRE,
506,Moros y Cristianos,Pedro Antonio de Alarcón,1881,1891,Dominio público,PUBLICAR,LIBRE,,LIBRE,,LIBRE,,LIBRE,,LIBRE,,LIBRE,,LIBRE,,LIBRE,,LIBRE,,LIBRE,,LIBRE,,LIBRE,,LIBRE,,LIBRE,,LIBRE,,LIBRE,,LIBRE,,LIBRE,,LIBRE,,LIBRE,
508,La Mujer Alta,Pedro Antonio de Alarcón,s. f.,1891,Dominio público,"GEOBLOQUEAR:PR,US",LIBRE,,LIBRE,,LIBRE,,LIBRE,,LIBRE,,LIBRE,,REVISAR,,REVISAR,,LIBRE,,LIBRE,,LIBRE,,LIBRE,,LIBRE,,LIBRE,,LIBRE,,LIBRE,,LIBRE,,LIBRE,,LIBRE,,LIBRE,
492,Narraciones Inverosímiles,Pedro Antonio de Alarcón,1882,1891,Dominio público,PUBLICAR,LIBRE,,LIBRE,,LIBRE,,LIBRE,,LIBRE,,LIBRE,,LIBRE,,LIBRE,,LIBRE,,LIBRE,,LIBRE,,LIBRE,,LIBRE,,LIBRE,,LIBRE,,LIBRE,,LIBRE,,LIBRE,,LIBRE,,LIBRE,
501,El Niño de la Bola,Pedro Antonio de Alarcón,1880,1891,Dominio público,PUBLICAR,LIBRE,,LIBRE,,LIBRE,,LIBRE,,LIBRE,,LIBRE,,LIBRE,,LIBRE,,LIBRE,,LIBRE,,LIBRE,,LIBRE,,LIBRE,,LIBRE,,LIBRE,,LIBRE,,LIBRE,,LIBRE,,LIBRE,,LIBRE,
494,Novelas Cortas,Pedro Antonio de Alarcón,1881,1891,Dominio público,PUBLICAR,LIBRE,,LIBRE,,LIBRE,,LIBRE,,LIBRE,,LIBRE,,LIBRE,,LIBRE,,LIBRE,,LIBRE,,LIBRE,,LIBRE,,LIBRE,,LIBRE,,LIBRE,,LIBRE,,LIBRE,,LIBRE,,LIBRE,,LIBRE,
507,Los Ojos Negros,Pedro Antonio de Alarcón,s. f.,1891,Dominio público,"GEOBLOQUEAR:PR,US",LIBRE,,LIBRE,,LIBRE,,LIBRE,,LIBRE,,LIBRE,,REVISAR,,REVISAR,,LIBRE,,LIBRE,,LIBRE,,LIBRE,,LIBRE,,LIBRE,,LIBRE,,LIBRE,,LIBRE,,LIBRE,,LIBRE,,LIBRE,
498,La Pródiga,Pedro Antonio de Alarcón,1882,1891,Dominio público,PUBLICAR,LIBRE,,LIBRE,,LIBRE,,LIBRE,,LIBRE,,LIBRE,,LIBRE,,LIBRE,,LIBRE,,LIBRE,,LIBRE,,LIBRE,,LIBRE,,LIBRE,,LIBRE,,LIBRE,,LIBRE,,LIBRE,,LIBRE,,LIBRE,
502,Los Seis Velos,Pedro Antonio de Alarcón,s. f.,1891,Dominio público,"GEOBLOQUEAR:PR,US",LIBRE,,LIBRE,,LIBRE,,LIBRE,,LIBRE,,LIBRE,,REVISAR,,REVISAR,,LIBRE,,LIBRE,,LIBRE,,LIBRE,,LIBRE,,LIBRE,,LIBRE,,LIBRE,,LIBRE,,LIBRE,,LIBRE,,LIBRE,
510,"Soy, Tengo y Quiero",Pedro Antonio de Alarcón,s. f.,1891,Dominio público,"GEOBLOQUEAR:PR,US",LIBRE,,LIBRE,,LIBRE,,LIBRE,,LIBRE,,LIBRE,,REVISAR,,REVISAR,,LIBRE,,LIBRE,,LIBRE,,LIBRE,,LIBRE,,LIBRE,,LIBRE,,LIBRE,,LIBRE,,LIBRE,,LIBRE,,LIBRE,
499,Viajes por España,Pedro Antonio de Alarcón,1883,1891,Dominio público,PUBLICAR,LIBRE,,LIBRE,,LIBRE,,LIBRE,,LIBRE,,LIBRE,,LIBRE,,LIBRE,,LIBRE,,LIBRE,,LIBRE,,LIBRE,,LIBRE,,LIBRE,,LIBRE,,LIBRE,,LIBRE,,LIBRE,,LIBRE,,LIBRE,
511,El Ángel de la Sombra,Leopoldo Lugones,1926,1938,Dominio público,GEOBLOQUEAR:MX,LIBRE,,LIBRE,,PROTEGIDO,2039,LIBRE,,LIBRE,,LIBRE,,LIBRE,,LIBRE,,LIBRE,,LIBRE,,LIBRE,,LIBRE,,LIBRE,,LIBRE,,LIBRE,,LIBRE,,LIBRE,,LIBRE,,LIBRE,,LIBRE,
515,Cuentos,Leopoldo Lugones,s. f.,1938,Dominio público,"GEOBLOQUEAR:MX,PR,US",LIBRE,,LIBRE,,PROTEGIDO,2039,LIBRE,,LIBRE,,LIBRE,,REVISAR,,REVISAR,,LIBRE,,LIBRE,,LIBRE,,LIBRE,,LIBRE,,LIBRE,,LIBRE,,LIBRE,,LIBRE,,LIBRE,,LIBRE,,LIBRE,
518,Cuentos Dispersos,Leopoldo Lugones,s. f.,1938,Dominio público,"GEOBLOQUEAR:MX,PR,US",LIBRE,,LIBRE,,PROTEGIDO,2039,LIBRE,,LIBRE,,LIBRE,,REVISAR,,REVISAR,,LIBRE,,LIBRE,,LIBRE,,LIBRE,,LIBRE,,LIBRE,,LIBRE,,LIBRE,,LIBRE,,LIBRE,,LIBRE,,LIBRE,
517,Las Fuerzas Extrañas,Leopoldo Lugones,1906,1938,Dominio público,GEOBLOQUEAR:MX,LIBRE,,LIBRE,,PROTEGIDO,2039,LIBRE,,LIBRE,,LIBRE,,LIBRE,,LIBRE,,LIBRE,,LIBRE,,LIBRE,,LIBRE,,LIBRE,,LIBRE,,LIBRE,,LIBRE,,LIBRE,,LIBRE,,LIBRE,,LIBRE,
512,La Guerra Gaucha,Leopoldo Lugones,1905,1938,Dominio público,GEOBLOQUEAR:MX,LIBRE,,LIBRE,,PROTEGIDO,2039,LIBRE,,LIBRE,,LIBRE,,LIBRE,,LIBRE,,LIBRE,,LIBRE,,LIBRE,,LIBRE,,LIBRE,,LIBRE,,LIBRE,,LIBRE,,LIBRE,,LIBRE,,LIBRE,,LIBRE,
514,El Imperio Jesuítico,Leopoldo Lugones,1904,1938,Dominio público,GEOBLOQUEAR:MX,LIBRE,,LIBRE,,PROTEGIDO,2039,LIBRE,,LIBRE,,LIBRE,,LIBRE,,LIBRE,,LIBRE,,LIBRE,,LIBRE,,LIBRE,,LIBRE,,LIBRE,,LIBRE,,LIBRE,,LIBRE,,LIBRE,,LIBRE,,LIBRE,
513,Los Ojos de la Reina,Leopoldo Lugones,1927,1938,Dominio público,GEOBLOQUEAR:MX,LIBRE,,LIBRE,,PROTEGIDO,2039,LIBRE,,LIBRE,,LIBRE,,LIBRE,,LIBRE,,LIBRE,,LIBRE,,LIBRE,,LIBRE,,LIBRE,,LIBRE,,LIBRE,,LIBRE,,LIBRE,,LIBRE,,LIBRE,,LIBRE,
516,El Puñal,Leopoldo Lugones,s. f.,1938,Dominio público,"GEOBLOQUEAR:MX,PR,US",LIBRE,,LIBRE,,PROTEGIDO,2039,LIBRE,,LIBRE,,LIBRE,,REVISAR,,REVISAR,,LIBRE,,LIBRE,,LIBRE,,LIBRE,,LIBRE,,LIBRE,,LIBRE,,LIBRE,,LIBRE,,LIBRE,,LIBRE,,LIBRE,
524,Amnesia,Amado Nervo,1918,1919,Dominio público,PUBLICAR,LIBRE,,LIBRE,,LIBRE,,LIBRE,,LIBRE,,LIBRE,,LIBRE,,LIBRE,,LIBRE,,LIBRE,,LIBRE,,LIBRE,,LIBRE,,LIBRE,,LIBRE,,LIBRE,,LIBRE,,LIBRE,,LIBRE,,LIBRE,
519,Crónicas,Amado Nervo,1922,1919,Dominio público,PUBLICAR,LIBRE,,LIBRE,,LIBRE,,LIBRE,,LIBRE,,LIBRE,,LIBRE,,LIBRE,,LIBRE,,LIBRE,,LIBRE,,LIBRE,,LIBRE,,LIBRE,,LIBRE,,LIBRE,,LIBRE,,LIBRE,,LIBRE,,LIBRE,
523,El Diablo Desinteresado,Amado Nervo,1916,1919,Dominio público,PUBLICAR,LIBRE,,LIBRE,,LIBRE,,LIBRE,,LIBRE,,LIBRE,,LIBRE,,LIBRE,,LIBRE,,LIBRE,,LIBRE,,LIBRE,,LIBRE,,LIBRE,,LIBRE,,LIBRE,,LIBRE,,LIBRE,,LIBRE,,LIBRE,
521,El Diamante de la Inquietud,Amado Nervo,1917,1919,Dominio público,PUBLICAR,LIBRE,,LIBRE,,LIBRE,,LIBRE,,LIBRE,,LIBRE,,LIBRE,,LIBRE,,LIBRE,,LIBRE,,LIBRE,,LIBRE,,LIBRE,,LIBRE,,LIBRE,,LIBRE,,LIBRE,,LIBRE,,LIBRE,,LIBRE,
520,Una Mentira,Amado Nervo,1917,1919,Dominio público,PUBLICAR,LIBRE,,LIBRE,,LIBRE,,LIBRE,,LIBRE,,LIBRE,,LIBRE,,LIBRE,,LIBRE,,LIBRE,,LIBRE,,LIBRE,,LIBRE,,LIBRE,,LIBRE,,LIBRE,,LIBRE,,LIBRE,,LIBRE,,LIBRE,
522,Un Sueño,Amado Nervo,1917,1919,Dominio público,PUBLICAR,LIBRE,,LIBRE,,LIBRE,,LIBRE,,LIBRE,,LIBRE,,LIBRE,,LIBRE,,LIBRE,,LIBRE,,LIBRE,,LIBRE,,LIBRE,,LIBRE,,LIBRE,,LIBRE,,LIBRE,,LIBRE,,LIBRE,,LIBRE,
525,Cuentos Color de Humo,Manuel Gutiérrez Nájera,1890,1895,Dominio público,PUBLICAR,LIBRE,,LIBRE,,LIBRE,,LIBRE,,LIBRE,,LIBRE,,LIBRE,,LIBRE,,LIBRE,,LIBRE,,LIBRE,,LIBRE,,LIBRE,,LIBRE,,LIBRE,,LIBRE,,LIBRE,,LIBRE,,LIBRE,,LIBRE,
528,Cuentos dispersos,Manuel Gutiérrez Nájera,s. f.,1895,Dominio público,"GEOBLOQUEAR:PR,US",LIBRE,,LIBRE,,LIBRE,,LIBRE,,LIBRE,,LIBRE,,REVISAR,,REVISAR,,LIBRE,,LIBRE,,LIBRE,,LIBRE,,LIBRE,,LIBRE,,LIBRE,,LIBRE,,LIBRE,,LIBRE,,LIBRE,,LIBRE,
527,Juan el Organista,Manuel Gutiérrez Nájera,s. f.,1895,Dominio público,"GEOBLOQUEAR:PR,US",LIBRE,,LIBRE,,LIBRE,,LIBRE,,LIBRE,,LIBRE,,REVISAR,,REVISAR,,LIBRE,,LIBRE,,LIBRE,,LIBRE,,LIBRE,,LIBRE,,LIBRE,,LIBRE,,LIBRE,,LIBRE,,LIBRE,,LIBRE,
526,Por Donde se Sube al Cielo,Manuel Gutiérrez Nájera,1882,1895,Dominio público,PUBLICAR,LIBRE,,LIBRE,,LIBRE,,LIBRE,,LIBRE,,LIBRE,,LIBRE,,LIBRE,,LIBRE,,LIBRE,,LIBRE,,LIBRE,,LIBRE,,LIBRE,,LIBRE,,LIBRE,,LIBRE,,LIBRE,,LIBRE,,LIBRE,
529,Aura o las Violetas,José María Vargas Vila,1887,1933,Dominio público,GEOBLOQUEAR:MX,LIBRE,,LIBRE,,PROTEGIDO,2034,LIBRE,,LIBRE,,LIBRE,,LIBRE,,LIBRE,,LIBRE,,LIBRE,,LIBRE,,LIBRE,,LIBRE,,LIBRE,,LIBRE,,LIBRE,,LIBRE,,LIBRE,,LIBRE,,LIBRE,
587,El 19 de Marzo y el 2 de Mayo,Benito Pérez Galdós,1873,1920,Dominio público,PUBLICAR,LIBRE,,LIBRE,,LIBRE,,LIBRE,,LIBRE,,LIBRE,,LIBRE,,LIBRE,,LIBRE,,LIBRE,,LIBRE,,LIBRE,,LIBRE,,LIBRE,,LIBRE,,LIBRE,,LIBRE,,LIBRE,,LIBRE,,LIBRE,
586,El 1 de marzo y el 2 de mayo,Benito Pérez Galdós,s. f.,1920,Dominio público,"GEOBLOQUEAR:PR,US",LIBRE,,LIBRE,,LIBRE,,LIBRE,,LIBRE,,LIBRE,,REVISAR,,REVISAR,,LIBRE,,LIBRE,,LIBRE,,LIBRE,,LIBRE,,LIBRE,,LIBRE,,LIBRE,,LIBRE,,LIBRE,,LIBRE,,LIBRE,
594,7 de julio,Benito Pérez Galdós,s. f.,1920,Dominio público,"GEOBLOQUEAR:PR,US",LIBRE,,LIBRE,,LIBRE,,LIBRE,,LIBRE,,LIBRE,,REVISAR,,REVISAR,,LIBRE,,LIBRE,,LIBRE,,LIBRE,,LIBRE,,LIBRE,,LIBRE,,LIBRE,,LIBRE,,LIBRE,,LIBRE,,LIBRE,
537,El Abuelo,Benito Pérez Galdós,1897,1920,Dominio público,PUBLICAR,LIBRE,,LIBRE,,LIBRE,,LIBRE,,LIBRE,,LIBRE,,LIBRE,,LIBRE,,LIBRE,,LIBRE,,LIBRE,,LIBRE,,LIBRE,,LIBRE,,LIBRE,,LIBRE,,LIBRE,,LIBRE,,LIBRE,,LIBRE,
604,Aita Tettauen,Benito Pérez Galdós,s. f.,1920,Dominio público,"GEOBLOQUEAR:PR,US",LIBRE,,LIBRE,,LIBRE,,LIBRE,,LIBRE,,LIBRE,,REVISAR,,REVISAR,,LIBRE,,LIBRE,,LIBRE,,LIBRE,,LIBRE,,LIBRE,,LIBRE,,LIBRE,,LIBRE,,LIBRE,,LIBRE,,LIBRE,
595,Amadeo I,Benito Pérez Galdós,s. f.,1920,Dominio público,"GEOBLOQUEAR:PR,US",LIBRE,,LIBRE,,LIBRE,,LIBRE,,LIBRE,,LIBRE,,REVISAR,,REVISAR,,LIBRE,,LIBRE,,LIBRE,,LIBRE,,LIBRE,,LIBRE,,LIBRE,,LIBRE,,LIBRE,,LIBRE,,LIBRE,,LIBRE,
543,El Amigo Manso,Benito Pérez Galdós,1882,1920,Dominio público,PUBLICAR,LIBRE,,LIBRE,,LIBRE,,LIBRE,,LIBRE,,LIBRE,,LIBRE,,LIBRE,,LIBRE,,LIBRE,,LIBRE,,LIBRE,,LIBRE,,LIBRE,,LIBRE,,LIBRE,,LIBRE,,LIBRE,,LIBRE,,LIBRE,
530,Ángel Guerra,Benito Pérez Galdós,1891,1920,Dominio público,PUBLICAR,LIBRE,,LIBRE,,LIBRE,,LIBRE,,LIBRE,,LIBRE,,LIBRE,,LIBRE,,LIBRE,,LIBRE,,LIBRE,,LIBRE,,LIBRE,,LIBRE,,LIBRE,,LIBRE,,LIBRE,,LIBRE,,LIBRE,,LIBRE,
566,Los Apostólicos,Benito Pérez Galdós,1879,1920,Dominio público,PUBLICAR,LIBRE,,LIBRE,,LIBRE,,LIBRE,,LIBRE,,LIBRE,,LIBRE,,LIBRE,,LIBRE,,LIBRE,,LIBRE,,LIBRE,,LIBRE,,LIBRE,,LIBRE,,LIBRE,,LIBRE,,LIBRE,,LIBRE,,LIBRE,
621,El Artículo de Fondo,Benito Pérez Galdós,s. f.,1920,Dominio público,"GEOBLOQUEAR:PR,US",LIBRE,,LIBRE,,LIBRE,,LIBRE,,LIBRE,,LIBRE,,REVISAR,,REVISAR,,LIBRE,,LIBRE,,LIBRE,,LIBRE,,LIBRE,,LIBRE,,LIBRE,,LIBRE,,LIBRE,,LIBRE,,LIBRE,,LIBRE,
532,El Audaz,Benito Pérez Galdós,1871,1920,Dominio público,PUBLICAR,LIBRE,,LIBRE,,LIBRE,,LIBRE,,LIBRE,,LIBRE,,LIBRE,,LIBRE,,LIBRE,,LIBRE,,LIBRE,,LIBRE,,LIBRE,,LIBRE,,LIBRE,,LIBRE,,LIBRE,,LIBRE,,LIBRE,,LIBRE,
558,Los Ayacuchos,Benito Pérez Galdós,1900,1920,Dominio público,PUBLICAR,LIBRE,,LIBRE,,LIBRE,,LIBRE,,LIBRE,,LIBRE,,LIBRE,,LIBRE,,LIBRE,,LIBRE,,LIBRE,,LIBRE,,LIBRE,,LIBRE,,LIBRE,,LIBRE,,LIBRE,,LIBRE,,LIBRE,,LIBRE,
564,Bailén,Benito Pérez Galdós,1873,1920,Dominio público,PUBLICAR,LIBRE,,LIBRE,,LIBRE,,LIBRE,,LIBRE,,LIBRE,,LIBRE,,LIBRE,,LIBRE,,LIBRE,,LIBRE,,LIBRE,,LIBRE,,LIBRE,,LIBRE,,LIBRE,,LIBRE,,LIBRE,,LIBRE,,LIBRE,
549,La Batalla de los Arapiles,Benito Pérez Galdós,s. f.,1920,Dominio público,"GEOBLOQUEAR:PR,US",LIBRE,,LIBRE,,LIBRE,,LIBRE,,LIBRE,,LIBRE,,REVISAR,,REVISAR,,LIBRE,,LIBRE,,LIBRE,,LIBRE,,LIBRE,,LIBRE,,LIBRE,,LIBRE,,LIBRE,,LIBRE,,LIBRE,,LIBRE,
562,Bodas Reales,Benito Pérez Galdós,s. f.,1920,Dominio público,"GEOBLOQUEAR:PR,US",LIBRE,,LIBRE,,LIBRE,,LIBRE,,LIBRE,,LIBRE,,REVISAR,,REVISAR,,LIBRE,,LIBRE,,LIBRE,,LIBRE,,LIBRE,,LIBRE,,LIBRE,,LIBRE,,LIBRE,,LIBRE,,LIBRE,,LIBRE,
544,La de Bringas,Benito Pérez Galdós,1884,1920,Dominio público,PUBLICAR,LIBRE,,LIBRE,,LIBRE,,LIBRE,,LIBRE,,LIBRE,,LIBRE,,LIBRE,,LIBRE,,LIBRE,,LIBRE,,LIBRE,,LIBRE,,LIBRE,,LIBRE,,LIBRE,,LIBRE,,LIBRE,,LIBRE,,LIBRE,
601,El Caballero Encantado,Benito Pérez Galdós,s. f.,1920,Dominio público,"GEOBLOQUEAR:PR,US",LIBRE,,LIBRE,,LIBRE,,LIBRE,,LIBRE,,LIBRE,,REVISAR,,REVISAR,,LIBRE,,LIBRE,,LIBRE,,LIBRE,,LIBRE,,LIBRE,,LIBRE,,LIBRE,,LIBRE,,LIBRE,,LIBRE,,LIBRE,
563,Cádiz,Benito Pérez Galdós,s. f.,1920,Dominio público,"GEOBLOQUEAR:PR,US",LIBRE,,LIBRE,,LIBRE,,LIBRE,,LIBRE,,LIBRE,,REVISAR,,REVISAR,,LIBRE,,LIBRE,,LIBRE,,LIBRE,,LIBRE,,LIBRE,,LIBRE,,LIBRE,,LIBRE,,LIBRE,,LIBRE,,LIBRE,
580,La Campaña del Maestrazgo,Benito Pérez Galdós,1899,1920,Dominio público,PUBLICAR,LIBRE,,LIBRE,,LIBRE,,LIBRE,,LIBRE,,LIBRE,,LIBRE,,LIBRE,,LIBRE,,LIBRE,,LIBRE,,LIBRE,,LIBRE,,LIBRE,,LIBRE,,LIBRE,,LIBRE,,LIBRE,,LIBRE,,LIBRE,
596,Cánovas,Benito Pérez Galdós,1912,1920,Dominio público,PUBLICAR,LIBRE,,LIBRE,,LIBRE,,LIBRE,,LIBRE,,LIBRE,,LIBRE,,LIBRE,,LIBRE,,LIBRE,,LIBRE,,LIBRE,,LIBRE,,LIBRE,,LIBRE,,LIBRE,,LIBRE,,LIBRE,,LIBRE,,LIBRE,
585,Carlos VI en la Rápita,Benito Pérez Galdós,1905,1920,Dominio público,PUBLICAR,LIBRE,,LIBRE,,LIBRE,,LIBRE,,LIBRE,,LIBRE,,LIBRE,,LIBRE,,LIBRE,,LIBRE,,LIBRE,,LIBRE,,LIBRE,,LIBRE,,LIBRE,,LIBRE,,LIBRE,,LIBRE,,LIBRE,,LIBRE,
597,De Cartago a Sagunto,Benito Pérez Galdós,s. f.,1920,Dominio público,"GEOBLOQUEAR:PR,US",LIBRE,,LIBRE,,LIBRE,,LIBRE,,LIBRE,,LIBRE,,REVISAR,,REVISAR,,LIBRE,,LIBRE,,LIBRE,,LIBRE,,LIBRE,,LIBRE,,LIBRE,,LIBRE,,LIBRE,,LIBRE,,LIBRE,,LIBRE,
622,La Casa de Shakespeare,Benito Pérez Galdós,s. f.,1920,Dominio público,"GEOBLOQUEAR:PR,US",LIBRE,,LIBRE,,LIBRE,,LIBRE,,LIBRE,,LIBRE,,REVISAR,,REVISAR,,LIBRE,,LIBRE,,LIBRE,,LIBRE,,LIBRE,,LIBRE,,LIBRE,,LIBRE,,LIBRE,,LIBRE,,LIBRE,,LIBRE,
613,Celín,Benito Pérez Galdós,s. f.,1920,Dominio público,"GEOBLOQUEAR:PR,US",LIBRE,,LIBRE,,LIBRE,,LIBRE,,LIBRE,,LIBRE,,REVISAR,,REVISAR,,LIBRE,,LIBRE,,LIBRE,,LIBRE,,LIBRE,,LIBRE,,LIBRE,,LIBRE,,LIBRE,,LIBRE,,LIBRE,,LIBRE,
561,Los Cien Mil Hijos de San Luis,Benito Pérez Galdós,1877,1920,Dominio público,PUBLICAR,LIBRE,,LIBRE,,LIBRE,,LIBRE,,LIBRE,,LIBRE,,LIBRE,,LIBRE,,LIBRE,,LIBRE,,LIBRE,,LIBRE,,LIBRE,,LIBRE,,LIBRE,,LIBRE,,LIBRE,,LIBRE,,LIBRE,,LIBRE,
600,La Corte de Carlos IV,Benito Pérez Galdós,1873,1920,Dominio público,PUBLICAR,LIBRE,,LIBRE,,LIBRE,,LIBRE,,LIBRE,,LIBRE,,LIBRE,,LIBRE,,LIBRE,,LIBRE,,LIBRE,,LIBRE,,LIBRE,,LIBRE,,LIBRE,,LIBRE,,LIBRE,,LIBRE,,LIBRE,,LIBRE,
533,La Desheredada,Benito Pérez Galdós,1881,1920,Dominio público,PUBLICAR,LIBRE,,LIBRE,,LIBRE,,LIBRE,,LIBRE,,LIBRE,,LIBRE,,LIBRE,,LIBRE,,LIBRE,,LIBRE,,LIBRE,,LIBRE,,LIBRE,,LIBRE,,LIBRE,,LIBRE,,LIBRE,,LIBRE,,LIBRE,
623,Cuentos y prosas dispersos,Benito Pérez Galdós,s. f.,1920,Dominio público,"GEOBLOQUEAR:PR,US",LIBRE,,LIBRE,,LIBRE,,LIBRE,,LIBRE,,LIBRE,,REVISAR,,REVISAR,,LIBRE,,LIBRE,,LIBRE,,LIBRE,,LIBRE,,LIBRE,,LIBRE,,LIBRE,,LIBRE,,LIBRE,,LIBRE,,LIBRE,
540,El Doctor Centeno,Benito Pérez Galdós,1883,1920,Dominio público,PUBLICAR,LIBRE,,LIBRE,,LIBRE,,LIBRE,,LIBRE,,LIBRE,,LIBRE,,LIBRE,,LIBRE,,LIBRE,,LIBRE,,LIBRE,,LIBRE,,LIBRE,,LIBRE,,LIBRE,,LIBRE,,LIBRE,,LIBRE,,LIBRE,
567,Doña Perfecta,Benito Pérez Galdós,1876,1920,Dominio público,PUBLICAR,LIBRE,,LIBRE,,LIBRE,,LIBRE,,LIBRE,,LIBRE,,LIBRE,,LIBRE,,LIBRE,,LIBRE,,LIBRE,,LIBRE,,LIBRE,,LIBRE,,LIBRE,,LIBRE,,LIBRE,,LIBRE,,LIBRE,,LIBRE,
616,¿Dónde Está mi Cabeza?,Benito Pérez Galdós,s. f.,1920,Dominio público,"GEOBLOQUEAR:PR,US",LIBRE,,LIBRE,,LIBRE,,LIBRE,,LIBRE,,LIBRE,,REVISAR,,REVISAR,,LIBRE,,LIBRE,,LIBRE,,LIBRE,,LIBRE,,LIBRE,,LIBRE,,LIBRE,,LIBRE,,LIBRE,,LIBRE,,LIBRE,
569,Los Duendes de la Camarilla,Benito Pérez Galdós,s. f.,1920,Dominio público,"GEOBLOQUEAR:PR,US",LIBRE,,LIBRE,,LIBRE,,LIBRE,,LIBRE,,LIBRE,,REVISAR,,REVISAR,,LIBRE,,LIBRE,,LIBRE,,LIBRE,,LIBRE,,LIBRE,,LIBRE,,LIBRE,,LIBRE,,LIBRE,,LIBRE,,LIBRE,
538,Electra,Benito Pérez Galdós,1901,1920,Dominio público,PUBLICAR,LIBRE,,LIBRE,,LIBRE,,LIBRE,,LIBRE,,LIBRE,,LIBRE,,LIBRE,,LIBRE,,LIBRE,,LIBRE,,LIBRE,,LIBRE,,LIBRE,,LIBRE,,LIBRE,,LIBRE,,LIBRE,,LIBRE,,LIBRE,
539,Episodios Nacionales para Niños,Benito Pérez Galdós,s. f.,1920,Dominio público,"GEOBLOQUEAR:PR,US",LIBRE,,LIBRE,,LIBRE,,LIBRE,,LIBRE,,LIBRE,,REVISAR,,REVISAR,,LIBRE,,LIBRE,,LIBRE,,LIBRE,,LIBRE,,LIBRE,,LIBRE,,LIBRE,,LIBRE,,LIBRE,,LIBRE,,LIBRE,
598,El Equipaje del Rey,Benito Pérez Galdós,s. f.,1920,Dominio público,"GEOBLOQUEAR:PR,US",LIBRE,,LIBRE,,LIBRE,,LIBRE,,LIBRE,,LIBRE,,REVISAR,,REVISAR,,LIBRE,,LIBRE,,LIBRE,,LIBRE,,LIBRE,,LIBRE,,LIBRE,,LIBRE,,LIBRE,,LIBRE,,LIBRE,,LIBRE,
574,España Sin Rey,Benito Pérez Galdós,1907,1920,Dominio público,PUBLICAR,LIBRE,,LIBRE,,LIBRE,,LIBRE,,LIBRE,,LIBRE,,LIBRE,,LIBRE,,LIBRE,,LIBRE,,LIBRE,,LIBRE,,LIBRE,,LIBRE,,LIBRE,,LIBRE,,LIBRE,,LIBRE,,LIBRE,,LIBRE,
579,España Trágica,Benito Pérez Galdós,1909,1920,Dominio público,PUBLICAR,LIBRE,,LIBRE,,LIBRE,,LIBRE,,LIBRE,,LIBRE,,LIBRE,,LIBRE,,LIBRE,,LIBRE,,LIBRE,,LIBRE,,LIBRE,,LIBRE,,LIBRE,,LIBRE,,LIBRE,,LIBRE,,LIBRE,,LIBRE,
553,La Estafeta Romántica,Benito Pérez Galdós,1899,1920,Dominio público,PUBLICAR,LIBRE,,LIBRE,,LIBRE,,LIBRE,,LIBRE,,LIBRE,,LIBRE,,LIBRE,,LIBRE,,LIBRE,,LIBRE,,LIBRE,,LIBRE,,LIBRE,,LIBRE,,LIBRE,,LIBRE,,LIBRE,,LIBRE,,LIBRE,
577,Un Faccioso Más y Algunos Frailes Menos,Benito Pérez Galdós,s. f.,1920,Dominio público,"GEOBLOQUEAR:PR,US",LIBRE,,LIBRE,,LIBRE,,LIBRE,,LIBRE,,LIBRE,,REVISAR,,REVISAR,,LIBRE,,LIBRE,,LIBRE,,LIBRE,,LIBRE,,LIBRE,,LIBRE,,LIBRE,,LIBRE,,LIBRE,,LIBRE,,LIBRE,
541,La Familia de León Roch,Benito Pérez Galdós,1878,1920,Dominio público,PUBLICAR,LIBRE,,LIBRE,,LIBRE,,LIBRE,,LIBRE,,LIBRE,,LIBRE,,LIBRE,,LIBRE,,LIBRE,,LIBRE,,LIBRE,,LIBRE,,LIBRE,,LIBRE,,LIBRE,,LIBRE,,LIBRE,,LIBRE,,LIBRE,
547,La Fontana de Oro,Benito Pérez Galdós,1870,1920,Dominio público,PUBLICAR,LIBRE,,LIBRE,,LIBRE,,LIBRE,,LIBRE,,LIBRE,,LIBRE,,LIBRE,,LIBRE,,LIBRE,,LIBRE,,LIBRE,,LIBRE,,LIBRE,,LIBRE,,LIBRE,,LIBRE,,LIBRE,,LIBRE,,LIBRE,
602,Gerona,Benito Pérez Galdós,s. f.,1920,Dominio público,"GEOBLOQUEAR:PR,US",LIBRE,,LIBRE,,LIBRE,,LIBRE,,LIBRE,,LIBRE,,REVISAR,,REVISAR,,LIBRE,,LIBRE,,LIBRE,,LIBRE,,LIBRE,,LIBRE,,LIBRE,,LIBRE,,LIBRE,,LIBRE,,LIBRE,,LIBRE,
536,Gloria,Benito Pérez Galdós,1877,1920,Dominio público,PUBLICAR,LIBRE,,LIBRE,,LIBRE,,LIBRE,,LIBRE,,LIBRE,,LIBRE,,LIBRE,,LIBRE,,LIBRE,,LIBRE,,LIBRE,,LIBRE,,LIBRE,,LIBRE,,LIBRE,,LIBRE,,LIBRE,,LIBRE,,LIBRE,
599,El Grande Oriente,Benito Pérez Galdós,s. f.,1920,Dominio público,"GEOBLOQUEAR:PR,US",LIBRE,,LIBRE,,LIBRE,,LIBRE,,LIBRE,,LIBRE,,REVISAR,,REVISAR,,LIBRE,,LIBRE,,LIBRE,,LIBRE,,LIBRE,,LIBRE,,LIBRE,,LIBRE,,LIBRE,,LIBRE,,LIBRE,,LIBRE,
545,Halma,Benito Pérez Galdós,1895,1920,Dominio público,PUBLICAR,LIBRE,,LIBRE,,LIBRE,,LIBRE,,LIBRE,,LIBRE,,LIBRE,,LIBRE,,LIBRE,,LIBRE,,LIBRE,,LIBRE,,LIBRE,,LIBRE,,LIBRE,,LIBRE,,LIBRE,,LIBRE,,LIBRE,,LIBRE,
554,La Incógnita,Benito Pérez Galdós,1889,1920,Dominio público,PUBLICAR,LIBRE,,LIBRE,,LIBRE,,LIBRE,,LIBRE,,LIBRE,,LIBRE,,LIBRE,,LIBRE,,LIBRE,,LIBRE,,LIBRE,,LIBRE,,LIBRE,,LIBRE,,LIBRE,,LIBRE,,LIBRE,,LIBRE,,LIBRE,
619,Una Industria que Vive de la Muerte,Benito Pérez Galdós,s. f.,1920,Dominio público,"GEOBLOQUEAR:PR,US",LIBRE,,LIBRE,,LIBRE,,LIBRE,,LIBRE,,LIBRE,,REVISAR,,REVISAR,,LIBRE,,LIBRE,,LIBRE,,LIBRE,,LIBRE,,LIBRE,,LIBRE,,LIBRE,,LIBRE,,LIBRE,,LIBRE,,LIBRE,
568,Juan Martín el Empecinado,Benito Pérez Galdós,s. f.,1920,Dominio público,"GEOBLOQUEAR:PR,US",LIBRE,,LIBRE,,LIBRE,,LIBRE,,LIBRE,,LIBRE,,REVISAR,,REVISAR,,LIBRE,,LIBRE,,LIBRE,,LIBRE,,LIBRE,,LIBRE,,LIBRE,,LIBRE,,LIBRE,,LIBRE,,LIBRE,,LIBRE,
617,Junio,Benito Pérez Galdós,s. f.,1920,Dominio público,"GEOBLOQUEAR:PR,US",LIBRE,,LIBRE,,LIBRE,,LIBRE,,LIBRE,,LIBRE,,REVISAR,,REVISAR,,LIBRE,,LIBRE,,LIBRE,,LIBRE,,LIBRE,,LIBRE,,LIBRE,,LIBRE,,LIBRE,,LIBRE,,LIBRE,,LIBRE,
535,La Loca de la Casa,Benito Pérez Galdós,1893,1920,Dominio público,PUBLICAR,LIBRE,,LIBRE,,LIBRE,,LIBRE,,LIBRE,,LIBRE,,LIBRE,,LIBRE,,LIBRE,,LIBRE,,LIBRE,,LIBRE,,LIBRE,,LIBRE,,LIBRE,,LIBRE,,LIBRE,,LIBRE,,LIBRE,,LIBRE,
531,Lo Prohibido,Benito Pérez Galdós,1885,1920,Dominio público,PUBLICAR,LIBRE,,LIBRE,,LIBRE,,LIBRE,,LIBRE,,LIBRE,,LIBRE,,LIBRE,,LIBRE,,LIBRE,,LIBRE,,LIBRE,,LIBRE,,LIBRE,,LIBRE,,LIBRE,,LIBRE,,LIBRE,,LIBRE,,LIBRE,
555,Luchana,Benito Pérez Galdós,1899,1920,Dominio público,PUBLICAR,LIBRE,,LIBRE,,LIBRE,,LIBRE,,LIBRE,,LIBRE,,LIBRE,,LIBRE,,LIBRE,,LIBRE,,LIBRE,,LIBRE,,LIBRE,,LIBRE,,LIBRE,,LIBRE,,LIBRE,,LIBRE,,LIBRE,,LIBRE,
605,Marianela,Benito Pérez Galdós,1878,1920,Dominio público,PUBLICAR,LIBRE,,LIBRE,,LIBRE,,LIBRE,,LIBRE,,LIBRE,,LIBRE,,LIBRE,,LIBRE,,LIBRE,,LIBRE,,LIBRE,,LIBRE,,LIBRE,,LIBRE,,LIBRE,,LIBRE,,LIBRE,,LIBRE,,LIBRE,
603,Memorias de un Cortesano de 1815,Benito Pérez Galdós,s. f.,1920,Dominio público,"GEOBLOQUEAR:PR,US",LIBRE,,LIBRE,,LIBRE,,LIBRE,,LIBRE,,LIBRE,,REVISAR,,REVISAR,,LIBRE,,LIBRE,,LIBRE,,LIBRE,,LIBRE,,LIBRE,,LIBRE,,LIBRE,,LIBRE,,LIBRE,,LIBRE,,LIBRE,
570,Mendizábal,Benito Pérez Galdós,s. f.,1920,Dominio público,"GEOBLOQUEAR:PR,US",LIBRE,,LIBRE,,LIBRE,,LIBRE,,LIBRE,,LIBRE,,REVISAR,,REVISAR,,LIBRE,,LIBRE,,LIBRE,,LIBRE,,LIBRE,,LIBRE,,LIBRE,,LIBRE,,LIBRE,,LIBRE,,LIBRE,,LIBRE,
548,Miau,Benito Pérez Galdós,1888,1920,Dominio público,PUBLICAR,LIBRE,,LIBRE,,LIBRE,,LIBRE,,LIBRE,,LIBRE,,LIBRE,,LIBRE,,LIBRE,,LIBRE,,LIBRE,,LIBRE,,LIBRE,,LIBRE,,LIBRE,,LIBRE,,LIBRE,,LIBRE,,LIBRE,,LIBRE,
551,Misericordia,Benito Pérez Galdós,1897,1920,Dominio público,PUBLICAR,LIBRE,,LIBRE,,LIBRE,,LIBRE,,LIBRE,,LIBRE,,LIBRE,,LIBRE,,LIBRE,,LIBRE,,LIBRE,,LIBRE,,LIBRE,,LIBRE,,LIBRE,,LIBRE,,LIBRE,,LIBRE,,LIBRE,,LIBRE,
588,Montes de Oca,Benito Pérez Galdós,1900,1920,Dominio público,PUBLICAR,LIBRE,,LIBRE,,LIBRE,,LIBRE,,LIBRE,,LIBRE,,LIBRE,,LIBRE,,LIBRE,,LIBRE,,LIBRE,,LIBRE,,LIBRE,,LIBRE,,LIBRE,,LIBRE,,LIBRE,,LIBRE,,LIBRE,,LIBRE,
609,La Mula y el Buey,Benito Pérez Galdós,s. f.,1920,Dominio público,"GEOBLOQUEAR:PR,US",LIBRE,,LIBRE,,LIBRE,,LIBRE,,LIBRE,,LIBRE,,REVISAR,,REVISAR,,LIBRE,,LIBRE,,LIBRE,,LIBRE,,LIBRE,,LIBRE,,LIBRE,,LIBRE,,LIBRE,,LIBRE,,LIBRE,,LIBRE,
592,Napoleón en Chamartín,Benito Pérez Galdós,1874,1920,Dominio público,PUBLICAR,LIBRE,,LIBRE,,LIBRE,,LIBRE,,LIBRE,,LIBRE,,LIBRE,,LIBRE,,LIBRE,,LIBRE,,LIBRE,,LIBRE,,LIBRE,,LIBRE,,LIBRE,,LIBRE,,LIBRE,,LIBRE,,LIBRE,,LIBRE,
575,Narváez,Benito Pérez Galdós,1902,1920,Dominio público,PUBLICAR,LIBRE,,LIBRE,,LIBRE,,LIBRE,,LIBRE,,LIBRE,,LIBRE,,LIBRE,,LIBRE,,LIBRE,,LIBRE,,LIBRE,,LIBRE,,LIBRE,,LIBRE,,LIBRE,,LIBRE,,LIBRE,,LIBRE,,LIBRE,
556,Nazarín,Benito Pérez Galdós,1895,1920,Dominio público,PUBLICAR,LIBRE,,LIBRE,,LIBRE,,LIBRE,,LIBRE,,LIBRE,,LIBRE,,LIBRE,,LIBRE,,LIBRE,,LIBRE,,LIBRE,,LIBRE,,LIBRE,,LIBRE,,LIBRE,,LIBRE,,LIBRE,,LIBRE,,LIBRE,
614,La Novela en el Tranvía,Benito Pérez Galdós,1871,1920,Dominio público,PUBLICAR,LIBRE,,LIBRE,,LIBRE,,LIBRE,,LIBRE,,LIBRE,,LIBRE,,LIBRE,,LIBRE,,LIBRE,,LIBRE,,LIBRE,,LIBRE,,LIBRE,,LIBRE,,LIBRE,,LIBRE,,LIBRE,,LIBRE,,LIBRE,
576,O'Donnell,Benito Pérez Galdós,s. f.,1920,Dominio público,"GEOBLOQUEAR:PR,US",LIBRE,,LIBRE,,LIBRE,,LIBRE,,LIBRE,,LIBRE,,REVISAR,,REVISAR,,LIBRE,,LIBRE,,LIBRE,,LIBRE,,LIBRE,,LIBRE,,LIBRE,,LIBRE,,LIBRE,,LIBRE,,LIBRE,,LIBRE,
565,De Oñate a la Granja,Benito Pérez Galdós,s. f.,1920,Dominio público,"GEOBLOQUEAR:PR,US",LIBRE,,LIBRE,,LIBRE,,LIBRE,,LIBRE,,LIBRE,,REVISAR,,REVISAR,,LIBRE,,LIBRE,,LIBRE,,LIBRE,,LIBRE,,LIBRE,,LIBRE,,LIBRE,,LIBRE,,LIBRE,,LIBRE,,LIBRE,
618,La Pluma en el Viento,Benito Pérez Galdós,s. f.,1920,Dominio público,"GEOBLOQUEAR:PR,US",LIBRE,,LIBRE,,LIBRE,,LIBRE,,LIBRE,,LIBRE,,REVISAR,,REVISAR,,LIBRE,,LIBRE,,LIBRE,,LIBRE,,LIBRE,,LIBRE,,LIBRE,,LIBRE,,LIBRE,,LIBRE,,LIBRE,,LIBRE,
590,La Primera República,Benito Pérez Galdós,1911,1920,Dominio público,PUBLICAR,LIBRE,,LIBRE,,LIBRE,,LIBRE,,LIBRE,,LIBRE,,LIBRE,,LIBRE,,LIBRE,,LIBRE,,LIBRE,,LIBRE,,LIBRE,,LIBRE,,LIBRE,,LIBRE,,LIBRE,,LIBRE,,LIBRE,,LIBRE,
571,Prim,Benito Pérez Galdós,s. f.,1920,Dominio público,"GEOBLOQUEAR:PR,US",LIBRE,,LIBRE,,LIBRE,,LIBRE,,LIBRE,,LIBRE,,REVISAR,,REVISAR,,LIBRE,,LIBRE,,LIBRE,,LIBRE,,LIBRE,,LIBRE,,LIBRE,,LIBRE,,LIBRE,,LIBRE,,LIBRE,,LIBRE,
608,La Princesa y el Granuja,Benito Pérez Galdós,s. f.,1920,Dominio público,"GEOBLOQUEAR:PR,US",LIBRE,,LIBRE,,LIBRE,,LIBRE,,LIBRE,,LIBRE,,REVISAR,,REVISAR,,LIBRE,,LIBRE,,LIBRE,,LIBRE,,LIBRE,,LIBRE,,LIBRE,,LIBRE,,LIBRE,,LIBRE,,LIBRE,,LIBRE,
534,La Razón de la Sinrazón,Benito Pérez Galdós,1915,1920,Dominio público,PUBLICAR,LIBRE,,LIBRE,,LIBRE,,LIBRE,,LIBRE,,LIBRE,,LIBRE,,LIBRE,,LIBRE,,LIBRE,,LIBRE,,LIBRE,,LIBRE,,LIBRE,,LIBRE,,LIBRE,,LIBRE,,LIBRE,,LIBRE,,LIBRE,
542,Realidad,Benito Pérez Galdós,1889,1920,Dominio público,PUBLICAR,LIBRE,,LIBRE,,LIBRE,,LIBRE,,LIBRE,,LIBRE,,LIBRE,,LIBRE,,LIBRE,,LIBRE,,LIBRE,,LIBRE,,LIBRE,,LIBRE,,LIBRE,,LIBRE,,LIBRE,,LIBRE,,LIBRE,,LIBRE,
581,La Revolución de Julio,Benito Pérez Galdós,s. f.,1920,Dominio público,"GEOBLOQUEAR:PR,US",LIBRE,,LIBRE,,LIBRE,,LIBRE,,LIBRE,,LIBRE,,REVISAR,,REVISAR,,LIBRE,,LIBRE,,LIBRE,,LIBRE,,LIBRE,,LIBRE,,LIBRE,,LIBRE,,LIBRE,,LIBRE,,LIBRE,,LIBRE,
546,La de San Quintín,Benito Pérez Galdós,1894,1920,Dominio público,PUBLICAR,LIBRE,,LIBRE,,LIBRE,,LIBRE,,LIBRE,,LIBRE,,LIBRE,,LIBRE,,LIBRE,,LIBRE,,LIBRE,,LIBRE,,LIBRE,,LIBRE,,LIBRE,,LIBRE,,LIBRE,,LIBRE,,LIBRE,,LIBRE,
591,La Segunda Casaca,Benito Pérez Galdós,s. f.,1920,Dominio público,"GEOBLOQUEAR:PR,US",LIBRE,,LIBRE,,LIBRE,,LIBRE,,LIBRE,,LIBRE,,REVISAR,,REVISAR,,LIBRE,,LIBRE,,LIBRE,,LIBRE,,LIBRE,,LIBRE,,LIBRE,,LIBRE,,LIBRE,,LIBRE,,LIBRE,,LIBRE,
607,La Sombra,Benito Pérez Galdós,s. f.,1920,Dominio público,"GEOBLOQUEAR:PR,US",LIBRE,,LIBRE,,LIBRE,,LIBRE,,LIBRE,,LIBRE,,REVISAR,,REVISAR,,LIBRE,,LIBRE,,LIBRE,,LIBRE,,LIBRE,,LIBRE,,LIBRE,,LIBRE,,LIBRE,,LIBRE,,LIBRE,,LIBRE,
589,El Terror de 1824,Benito Pérez Galdós,s. f.,1920,Dominio público,"GEOBLOQUEAR:PR,US",LIBRE,,LIBRE,,LIBRE,,LIBRE,,LIBRE,,LIBRE,,REVISAR,,REVISAR,,LIBRE,,LIBRE,,LIBRE,,LIBRE,,LIBRE,,LIBRE,,LIBRE,,LIBRE,,LIBRE,,LIBRE,,LIBRE,,LIBRE,
610,Theros,Benito Pérez Galdós,s. f.,1920,Dominio público,"GEOBLOQUEAR:PR,US",LIBRE,,LIBRE,,LIBRE,,LIBRE,,LIBRE,,LIBRE,,REVISAR,,REVISAR,,LIBRE,,LIBRE,,LIBRE,,LIBRE,,LIBRE,,LIBRE,,LIBRE,,LIBRE,,LIBRE,,LIBRE,,LIBRE,,LIBRE,
583,Las Tormentas del 48,Benito Pérez Galdós,s. f.,1920,Dominio público,"GEOBLOQUEAR:PR,US",LIBRE,,LIBRE,,LIBRE,,LIBRE,,LIBRE,,LIBRE,,REVISAR,,REVISAR,,LIBRE,,LIBRE,,LIBRE,,LIBRE,,LIBRE,,LIBRE,,LIBRE,,LIBRE,,LIBRE,,LIBRE,,LIBRE,,LIBRE,
552,Tormento,Benito Pérez Galdós,1884,1920,Dominio público,PUBLICAR,LIBRE,,LIBRE,,LIBRE,,LIBRE,,LIBRE,,LIBRE,,LIBRE,,LIBRE,,LIBRE,,LIBRE,,LIBRE,,LIBRE,,LIBRE,,LIBRE,,LIBRE,,LIBRE,,LIBRE,,LIBRE,,LIBRE,,LIBRE,
572,Torquemada en la Cruz,Benito Pérez Galdós,s. f.,1920,Dominio público,"GEOBLOQUEAR:PR,US",LIBRE,,LIBRE,,LIBRE,,LIBRE,,LIBRE,,LIBRE,,REVISAR,,REVISAR,,LIBRE,,LIBRE,,LIBRE,,LIBRE,,LIBRE,,LIBRE,,LIBRE,,LIBRE,,LIBRE,,LIBRE,,LIBRE,,LIBRE,
611,Torquemada en la Hoguera,Benito Pérez Galdós,1889,1920,Dominio público,PUBLICAR,LIBRE,,LIBRE,,LIBRE,,LIBRE,,LIBRE,,LIBRE,,LIBRE,,LIBRE,,LIBRE,,LIBRE,,LIBRE,,LIBRE,,LIBRE,,LIBRE,,LIBRE,,LIBRE,,LIBRE,,LIBRE,,LIBRE,,LIBRE,
550,Torquemada en el Purgatorio,Benito Pérez Galdós,1894,1920,Dominio público,PUBLICAR,LIBRE,,LIBRE,,LIBRE,,LIBRE,,LIBRE,,LIBRE,,LIBRE,,LIBRE,,LIBRE,,LIBRE,,LIBRE,,LIBRE,,LIBRE,,LIBRE,,LIBRE,,LIBRE,,LIBRE,,LIBRE,,LIBRE,,LIBRE,
560,Torquemada y San Pedro,Benito Pérez Galdós,1895,1920,Dominio público,PUBLICAR,LIBRE,,LIBRE,,LIBRE,,LIBRE,,LIBRE,,LIBRE,,LIBRE,,LIBRE,,LIBRE,,LIBRE,,LIBRE,,LIBRE,,LIBRE,,LIBRE,,LIBRE,,LIBRE,,LIBRE,,LIBRE,,LIBRE,,LIBRE,
606,Trafalgar,Benito Pérez Galdós,s. f.,1920,Dominio público,"GEOBLOQUEAR:PR,US",LIBRE,,LIBRE,,LIBRE,,LIBRE,,LIBRE,,LIBRE,,REVISAR,,REVISAR,,LIBRE,,LIBRE,,LIBRE,,LIBRE,,LIBRE,,LIBRE,,LIBRE,,LIBRE,,LIBRE,,LIBRE,,LIBRE,,LIBRE,
620,Un Tribunal Literario,Benito Pérez Galdós,s. f.,1920,Dominio público,"GEOBLOQUEAR:PR,US",LIBRE,,LIBRE,,LIBRE,,LIBRE,,LIBRE,,LIBRE,,REVISAR,,REVISAR,,LIBRE,,LIBRE,,LIBRE,,LIBRE,,LIBRE,,LIBRE,,LIBRE,,LIBRE,,LIBRE,,LIBRE,,LIBRE,,LIBRE,
593,Tristana,Benito Pérez Galdós,1892,1920,Dominio público,PUBLICAR,LIBRE,,LIBRE,,LIBRE,,LIBRE,,LIBRE,,LIBRE,,LIBRE,,LIBRE,,LIBRE,,LIBRE,,LIBRE,,LIBRE,,LIBRE,,LIBRE,,LIBRE,,LIBRE,,LIBRE,,LIBRE,,LIBRE,,LIBRE,
557,La de los Tristes Destinos,Benito Pérez Galdós,1907,1920,Dominio público,PUBLICAR,LIBRE,,LIBRE,,LIBRE,,LIBRE,,LIBRE,,LIBRE,,LIBRE,,LIBRE,,LIBRE,,LIBRE,,LIBRE,,LIBRE,,LIBRE,,LIBRE,,LIBRE,,LIBRE,,LIBRE,,LIBRE,,LIBRE,,LIBRE,
615,Tropiquillos,Benito Pérez Galdós,s. f.,1920,Dominio público,"GEOBLOQUEAR:PR,US",LIBRE,,LIBRE,,LIBRE,,LIBRE,,LIBRE,,LIBRE,,REVISAR,,REVISAR,,LIBRE,,LIBRE,,LIBRE,,LIBRE,,LIBRE,,LIBRE,,LIBRE,,LIBRE,,LIBRE,,LIBRE,,LIBRE,,LIBRE,
559,Vergara,Benito Pérez Galdós,1899,1920,Dominio público,PUBLICAR,LIBRE,,LIBRE,,LIBRE,,LIBRE,,LIBRE,,LIBRE,,LIBRE,,LIBRE,,LIBRE,,LIBRE,,LIBRE,,LIBRE,,LIBRE,,LIBRE,,LIBRE,,LIBRE,,LIBRE,,LIBRE,,LIBRE,,LIBRE,
578,Un Voluntario Realista,Benito Pérez Galdós,1878,1920,Dominio público,PUBLICAR,LIBRE,,LIBRE,,LIBRE,,LIBRE,,LIBRE,,LIBRE,,LIBRE,,LIBRE,,LIBRE,,LIBRE,,LIBRE,,LIBRE,,LIBRE,,LIBRE,,LIBRE,,LIBRE,,LIBRE,,LIBRE,,LIBRE,,LIBRE,
612,De Vuelta de Italia,Benito Pérez Galdós,s. f.,1920,Dominio público,"GEOBLOQUEAR:PR,US",LIBRE,,LIBRE,,LIBRE,,LIBRE,,LIBRE,,LIBRE,,REVISAR,,REVISAR,,LIBRE,,LIBRE,,LIBRE,,LIBRE,,LIBRE,,LIBRE,,LIBRE,,LIBRE,,LIBRE,,LIBRE,,LIBRE,,LIBRE,
582,La Vuelta al Mundo en la Numancia,Benito Pérez Galdós,s. f.,1920,Dominio público,"GEOBLOQUEAR:PR,US",LIBRE,,LIBRE,,LIBRE,,LIBRE,,LIBRE,,LIBRE,,REVISAR,,REVISAR,,LIBRE,,LIBRE,,LIBRE,,LIBRE,,LIBRE,,LIBRE,,LIBRE,,LIBRE,,LIBRE,,LIBRE,,LIBRE,,LIBRE,
584,Zaragoza,Benito Pérez Galdós,s. f.,1920,Dominio público,"GEOBLOQUEAR:PR,US",LIBRE,,LIBRE,,LIBRE,,LIBRE,,LIBRE,,LIBRE,,REVISAR,,REVISAR,,LIBRE,,LIBRE,,LIBRE,,LIBRE,,LIBRE,,LIBRE,,LIBRE,,LIBRE,,LIBRE,,LIBRE,,LIBRE,,LIBRE,
573,Zumalacárregui,Benito Pérez Galdós,1898,1920,Dominio público,PUBLICAR,LIBRE,,LIBRE,,LIBRE,,LIBRE,,LIBRE,,LIBRE,,LIBRE,,LIBRE,,LIBRE,,LIBRE,,LIBRE,,LIBRE,,LIBRE,,LIBRE,,LIBRE,,LIBRE,,LIBRE,,LIBRE,,LIBRE,,LIBRE,
635,Un Boceto del Natural,Gustavo Adolfo Bécquer,s. f.,1870,Dominio público,"GEOBLOQUEAR:PR,US",LIBRE,,LIBRE,,LIBRE,,LIBRE,,LIBRE,,LIBRE,,REVISAR,,REVISAR,,LIBRE,,LIBRE,,LIBRE,,LIBRE,,LIBRE,,LIBRE,,LIBRE,,LIBRE,,LIBRE,,LIBRE,,LIBRE,,LIBRE,
627,Cartas desde mi Celda,Gustavo Adolfo Bécquer,1864,1870,Dominio público,PUBLICAR,LIBRE,,LIBRE,,LIBRE,,LIBRE,,LIBRE,,LIBRE,,LIBRE,,LIBRE,,LIBRE,,LIBRE,,LIBRE,,LIBRE,,LIBRE,,LIBRE,,LIBRE,,LIBRE,,LIBRE,,LIBRE,,LIBRE,,LIBRE,
629,Cartas Literarias a una Mujer,Gustavo Adolfo Bécquer,1861,1870,Dominio público,PUBLICAR,LIBRE,,LIBRE,,LIBRE,,LIBRE,,LIBRE,,LIBRE,,LIBRE,,LIBRE,,LIBRE,,LIBRE,,LIBRE,,LIBRE,,LIBRE,,LIBRE,,LIBRE,,LIBRE,,LIBRE,,LIBRE,,LIBRE,,LIBRE,
624,El Caudillo de las Manos Rojas,Gustavo Adolfo Bécquer,1858,1870,Dominio público,PUBLICAR,LIBRE,,LIBRE,,LIBRE,,LIBRE,,LIBRE,,LIBRE,,LIBRE,,LIBRE,,LIBRE,,LIBRE,,LIBRE,,LIBRE,,LIBRE,,LIBRE,,LIBRE,,LIBRE,,LIBRE,,LIBRE,,LIBRE,,LIBRE,
626,La Creación,Gustavo Adolfo Bécquer,1861,1870,Dominio público,PUBLICAR,LIBRE,,LIBRE,,LIBRE,,LIBRE,,LIBRE,,LIBRE,,LIBRE,,LIBRE,,LIBRE,,LIBRE,,LIBRE,,LIBRE,,LIBRE,,LIBRE,,LIBRE,,LIBRE,,LIBRE,,LIBRE,,LIBRE,,LIBRE,
625,Creed en Dios,Gustavo Adolfo Bécquer,1862,1870,Dominio público,PUBLICAR,LIBRE,,LIBRE,,LIBRE,,LIBRE,,LIBRE,,LIBRE,,LIBRE,,LIBRE,,LIBRE,,LIBRE,,LIBRE,,LIBRE,,LIBRE,,LIBRE,,LIBRE,,LIBRE,,LIBRE,,LIBRE,,LIBRE,,LIBRE,
636,Cuentos y prosas dispersos,Gustavo Adolfo Bécquer,s. f.,1870,Dominio público,"GEOBLOQUEAR:PR,US",LIBRE,,LIBRE,,LIBRE,,LIBRE,,LIBRE,,LIBRE,,REVISAR,,REVISAR,,LIBRE,,LIBRE,,LIBRE,,LIBRE,,LIBRE,,LIBRE,,LIBRE,,LIBRE,,LIBRE,,LIBRE,,LIBRE,,LIBRE,
632,¡Es Raro!,Gustavo Adolfo Bécquer,s. f.,1870,Dominio público,"GEOBLOQUEAR:PR,US",LIBRE,,LIBRE,,LIBRE,,LIBRE,,LIBRE,,LIBRE,,REVISAR,,REVISAR,,LIBRE,,LIBRE,,LIBRE,,LIBRE,,LIBRE,,LIBRE,,LIBRE,,LIBRE,,LIBRE,,LIBRE,,LIBRE,,LIBRE,
630,El Gnomo,Gustavo Adolfo Bécquer,1863,1870,Dominio público,PUBLICAR,LIBRE,,LIBRE,,LIBRE,,LIBRE,,LIBRE,,LIBRE,,LIBRE,,LIBRE,,LIBRE,,LIBRE,,LIBRE,,LIBRE,,LIBRE,,LIBRE,,LIBRE,,LIBRE,,LIBRE,,LIBRE,,LIBRE,,LIBRE,
634,Maese Pérez el Organista,Gustavo Adolfo Bécquer,1861,1870,Dominio público,PUBLICAR,LIBRE,,LIBRE,,LIBRE,,LIBRE,,LIBRE,,LIBRE,,LIBRE,,LIBRE,,LIBRE,,LIBRE,,LIBRE,,LIBRE,,LIBRE,,LIBRE,,LIBRE,,LIBRE,,LIBRE,,LIBRE,,LIBRE,,LIBRE,
631,El Monte de las Ánimas,Gustavo Adolfo Bécquer,1861,1870,Dominio público,PUBLICAR,LIBRE,,LIBRE,,LIBRE,,LIBRE,,LIBRE,,LIBRE,,LIBRE,,LIBRE,,LIBRE,,LIBRE,,LIBRE,,LIBRE,,LIBRE,,LIBRE,,LIBRE,,LIBRE,,LIBRE,,LIBRE,,LIBRE,,LIBRE,
628,La Promesa,Gustavo Adolfo Bécquer,1863,1870,Dominio público,PUBLICAR,LIBRE,,LIBRE,,LIBRE,,LIBRE,,LIBRE,,LIBRE,,LIBRE,,LIBRE,,LIBRE,,LIBRE,,LIBRE,,LIBRE,,LIBRE,,LIBRE,,LIBRE,,LIBRE,,LIBRE,,LIBRE,,LIBRE,,LIBRE,
633,La Rosa de Pasión,Gustavo Adolfo Bécquer,1864,1870,Dominio público,PUBLICAR,LIBRE,,LIBRE,,LIBRE,,LIBRE,,LIBRE,,LIBRE,,LIBRE,,LIBRE,,LIBRE,,LIBRE,,LIBRE,,LIBRE,,LIBRE,,LIBRE,,LIBRE,,LIBRE,,LIBRE,,LIBRE,,LIBRE,,LIBRE,
638,El Caballero de las Botas Azules,Rosalía de Castro,1867,1885,Dominio público,PUBLICAR,LIBRE,,LIBRE,,LIBRE,,LIBRE,,LIBRE,,LIBRE,,LIBRE,,LIBRE,,LIBRE,,LIBRE,,LIBRE,,LIBRE,,LIBRE,,LIBRE,,LIBRE,,LIBRE,,LIBRE,,LIBRE,,LIBRE,,LIBRE,
642,Cuentos y prosas dispersos,Rosalía de Castro,s. f.,1885,Dominio público,"GEOBLOQUEAR:PR,US",LIBRE,,LIBRE,,LIBRE,,LIBRE,,LIBRE,,LIBRE,,REVISAR,,REVISAR,,LIBRE,,LIBRE,,LIBRE,,LIBRE,,LIBRE,,LIBRE,,LIBRE,,LIBRE,,LIBRE,,LIBRE,,LIBRE,,LIBRE,
637,Flavio,Rosalía de Castro,1861,1885,Dominio público,PUBLICAR,LIBRE,,LIBRE,,LIBRE,,LIBRE,,LIBRE,,LIBRE,,LIBRE,,LIBRE,,LIBRE,,LIBRE,,LIBRE,,LIBRE,,LIBRE,,LIBRE,,LIBRE,,LIBRE,,LIBRE,,LIBRE,,LIBRE,,LIBRE,
640,La Flor,Rosalía de Castro,1857,1885,Dominio público,PUBLICAR,LIBRE,,LIBRE,,LIBRE,,LIBRE,,LIBRE,,LIBRE,,LIBRE,,LIBRE,,LIBRE,,LIBRE,,LIBRE,,LIBRE,,LIBRE,,LIBRE,,LIBRE,,LIBRE,,LIBRE,,LIBRE,,LIBRE,,LIBRE,
639,A Mi Madre,Rosalía de Castro,1863,1885,Dominio público,PUBLICAR,LIBRE,,LIBRE,,LIBRE,,LIBRE,,LIBRE,,LIBRE,,LIBRE,,LIBRE,,LIBRE,,LIBRE,,LIBRE,,LIBRE,,LIBRE,,LIBRE,,LIBRE,,LIBRE,,LIBRE,,LIBRE,,LIBRE,,LIBRE,
641,El Primer Loco,Rosalía de Castro,1881,1885,Dominio público,PUBLICAR,LIBRE,,LIBRE,,LIBRE,,LIBRE,,LIBRE,,LIBRE,,LIBRE,,LIBRE,,LIBRE,,LIBRE,,LIBRE,,LIBRE,,LIBRE,,LIBRE,,LIBRE,,LIBRE,,LIBRE,,LIBRE,,LIBRE,,LIBRE,
643,Desengaños Amorosos,María de Zayas y Sotomayor,1647,,Dominio público,PUBLICAR,LIBRE,,LIBRE,,LIBRE,,LIBRE,,LIBRE,,LIBRE,,LIBRE,,LIBRE,,LIBRE,,LIBRE,,LIBRE,,LIBRE,,LIBRE,,LIBRE,,LIBRE,,LIBRE,,LIBRE,,LIBRE,,LIBRE,,LIBRE,
644,Novelas Amorosas y Ejemplares,María de Zayas y Sotomayor,1637,,Dominio público,PUBLICAR,LIBRE,,LIBRE,,LIBRE,,LIBRE,,LIBRE,,LIBRE,,LIBRE,,LIBRE,,LIBRE,,LIBRE,,LIBRE,,LIBRE,,LIBRE,,LIBRE,,LIBRE,,LIBRE,,LIBRE,,LIBRE,,LIBRE,,LIBRE,
675,Bucólica,Emilia Pardo Bazán,s. f.,1921,Dominio público,"GEOBLOQUEAR:PR,US",LIBRE,,LIBRE,,LIBRE,,LIBRE,,LIBRE,,LIBRE,,REVISAR,,REVISAR,,LIBRE,,LIBRE,,LIBRE,,LIBRE,,LIBRE,,LIBRE,,LIBRE,,LIBRE,,LIBRE,,LIBRE,,LIBRE,,LIBRE,
679,En las Cavernas,Emilia Pardo Bazán,s. f.,1921,Dominio público,"GEOBLOQUEAR:PR,US",LIBRE,,LIBRE,,LIBRE,,LIBRE,,LIBRE,,LIBRE,,REVISAR,,REVISAR,,LIBRE,,LIBRE,,LIBRE,,LIBRE,,LIBRE,,LIBRE,,LIBRE,,LIBRE,,LIBRE,,LIBRE,,LIBRE,,LIBRE,
653,El Cisne de Vilamorta,Emilia Pardo Bazán,1885,1921,Dominio público,PUBLICAR,LIBRE,,LIBRE,,LIBRE,,LIBRE,,LIBRE,,LIBRE,,LIBRE,,LIBRE,,LIBRE,,LIBRE,,LIBRE,,LIBRE,,LIBRE,,LIBRE,,LIBRE,,LIBRE,,LIBRE,,LIBRE,,LIBRE,,LIBRE,
681,La Comedia Piadosa,Emilia Pardo Bazán,s. f.,1921,Dominio público,"GEOBLOQUEAR:PR,US",LIBRE,,LIBRE,,LIBRE,,LIBRE,,LIBRE,,LIBRE,,REVISAR,,REVISAR,,LIBRE,,LIBRE,,LIBRE,,LIBRE,,LIBRE,,LIBRE,,LIBRE,,LIBRE,,LIBRE,,LIBRE,,LIBRE,,LIBRE,
661,Una Cristiana,Emilia Pardo Bazán,1890,1921,Dominio público,PUBLICAR,LIBRE,,LIBRE,,LIBRE,,LIBRE,,LIBRE,,LIBRE,,LIBRE,,LIBRE,,LIBRE,,LIBRE,,LIBRE,,LIBRE,,LIBRE,,LIBRE,,LIBRE,,LIBRE,,LIBRE,,LIBRE,,LIBRE,,LIBRE,
647,Cuentos de Amor,Emilia Pardo Bazán,1898,1921,Dominio público,PUBLICAR,LIBRE,,LIBRE,,LIBRE,,LIBRE,,LIBRE,,LIBRE,,LIBRE,,LIBRE,,LIBRE,,LIBRE,,LIBRE,,LIBRE,,LIBRE,,LIBRE,,LIBRE,,LIBRE,,LIBRE,,LIBRE,,LIBRE,,LIBRE,
673,Cuentos Antiguos,Emilia Pardo Bazán,1900,1921,Dominio público,PUBLICAR,LIBRE,,LIBRE,,LIBRE,,LIBRE,,LIBRE,,LIBRE,,LIBRE,,LIBRE,,LIBRE,,LIBRE,,LIBRE,,LIBRE,,LIBRE,,LIBRE,,LIBRE,,LIBRE,,LIBRE,,LIBRE,,LIBRE,,LIBRE,
650,Cuentos Dramáticos,Emilia Pardo Bazán,1909,1921,Dominio público,PUBLICAR,LIBRE,,LIBRE,,LIBRE,,LIBRE,,LIBRE,,LIBRE,,LIBRE,,LIBRE,,LIBRE,,LIBRE,,LIBRE,,LIBRE,,LIBRE,,LIBRE,,LIBRE,,LIBRE,,LIBRE,,LIBRE,,LIBRE,,LIBRE,
674,Cuentos de Marineda,Emilia Pardo Bazán,1892,1921,Dominio público,PUBLICAR,LIBRE,,LIBRE,,LIBRE,,LIBRE,,LIBRE,,LIBRE,,LIBRE,,LIBRE,,LIBRE,,LIBRE,,LIBRE,,LIBRE,,LIBRE,,LIBRE,,LIBRE,,LIBRE,,LIBRE,,LIBRE,,LIBRE,,LIBRE,
678,Cuentos de Navidad y Año Nuevo,Emilia Pardo Bazán,1914,1921,Dominio público,PUBLICAR,LIBRE,,LIBRE,,LIBRE,,LIBRE,,LIBRE,,LIBRE,,LIBRE,,LIBRE,,LIBRE,,LIBRE,,LIBRE,,LIBRE,,LIBRE,,LIBRE,,LIBRE,,LIBRE,,LIBRE,,LIBRE,,LIBRE,,LIBRE,
665,Cuentos de Navidad y Reyes,Emilia Pardo Bazán,1902,1921,Dominio público,PUBLICAR,LIBRE,,LIBRE,,LIBRE,,LIBRE,,LIBRE,,LIBRE,,LIBRE,,LIBRE,,LIBRE,,LIBRE,,LIBRE,,LIBRE,,LIBRE,,LIBRE,,LIBRE,,LIBRE,,LIBRE,,LIBRE,,LIBRE,,LIBRE,
651,Cuentos Nuevos,Emilia Pardo Bazán,1894,1921,Dominio público,PUBLICAR,LIBRE,,LIBRE,,LIBRE,,LIBRE,,LIBRE,,LIBRE,,LIBRE,,LIBRE,,LIBRE,,LIBRE,,LIBRE,,LIBRE,,LIBRE,,LIBRE,,LIBRE,,LIBRE,,LIBRE,,LIBRE,,LIBRE,,LIBRE,
672,Cuentos de la Patria,Emilia Pardo Bazán,1902,1921,Dominio público,PUBLICAR,LIBRE,,LIBRE,,LIBRE,,LIBRE,,LIBRE,,LIBRE,,LIBRE,,LIBRE,,LIBRE,,LIBRE,,LIBRE,,LIBRE,,LIBRE,,LIBRE,,LIBRE,,LIBRE,,LIBRE,,LIBRE,,LIBRE,,LIBRE,
649,Cuentos Sacroprofanos,Emilia Pardo Bazán,1899,1921,Dominio público,PUBLICAR,LIBRE,,LIBRE,,LIBRE,,LIBRE,,LIBRE,,LIBRE,,LIBRE,,LIBRE,,LIBRE,,LIBRE,,LIBRE,,LIBRE,,LIBRE,,LIBRE,,LIBRE,,LIBRE,,LIBRE,,LIBRE,,LIBRE,,LIBRE,
664,Cuentos del Terruño,Emilia Pardo Bazán,1907,1921,Dominio público,PUBLICAR,LIBRE,,LIBRE,,LIBRE,,LIBRE,,LIBRE,,LIBRE,,LIBRE,,LIBRE,,LIBRE,,LIBRE,,LIBRE,,LIBRE,,LIBRE,,LIBRE,,LIBRE,,LIBRE,,LIBRE,,LIBRE,,LIBRE,,LIBRE,
648,Cuentos de la Tierra,Emilia Pardo Bazán,1922,1921,Dominio público,PUBLICAR,LIBRE,,LIBRE,,LIBRE,,LIBRE,,LIBRE,,LIBRE,,LIBRE,,LIBRE,,LIBRE,,LIBRE,,LIBRE,,LIBRE,,LIBRE,,LIBRE,,LIBRE,,LIBRE,,LIBRE,,LIBRE,,LIBRE,,LIBRE,
656,Cuentos Trágicos,Emilia Pardo Bazán,1912,1921,Dominio público,PUBLICAR,LIBRE,,LIBRE,,LIBRE,,LIBRE,,LIBRE,,LIBRE,,LIBRE,,LIBRE,,LIBRE,,LIBRE,,LIBRE,,LIBRE,,LIBRE,,LIBRE,,LIBRE,,LIBRE,,LIBRE,,LIBRE,,LIBRE,,LIBRE,
658,La Cuestión Palpitante,Emilia Pardo Bazán,1883,1921,Dominio público,PUBLICAR,LIBRE,,LIBRE,,LIBRE,,LIBRE,,LIBRE,,LIBRE,,LIBRE,,LIBRE,,LIBRE,,LIBRE,,LIBRE,,LIBRE,,LIBRE,,LIBRE,,LIBRE,,LIBRE,,LIBRE,,LIBRE,,LIBRE,,LIBRE,
655,La Dama Joven,Emilia Pardo Bazán,1885,1921,Dominio público,PUBLICAR,LIBRE,,LIBRE,,LIBRE,,LIBRE,,LIBRE,,LIBRE,,LIBRE,,LIBRE,,LIBRE,,LIBRE,,LIBRE,,LIBRE,,LIBRE,,LIBRE,,LIBRE,,LIBRE,,LIBRE,,LIBRE,,LIBRE,,LIBRE,
662,Doña Milagros,Emilia Pardo Bazán,1894,1921,Dominio público,PUBLICAR,LIBRE,,LIBRE,,LIBRE,,LIBRE,,LIBRE,,LIBRE,,LIBRE,,LIBRE,,LIBRE,,LIBRE,,LIBRE,,LIBRE,,LIBRE,,LIBRE,,LIBRE,,LIBRE,,LIBRE,,LIBRE,,LIBRE,,LIBRE,
652,Dulce Sueño,Emilia Pardo Bazán,1911,1921,Dominio público,PUBLICAR,LIBRE,,LIBRE,,LIBRE,,LIBRE,,LIBRE,,LIBRE,,LIBRE,,LIBRE,,LIBRE,,LIBRE,,LIBRE,,LIBRE,,LIBRE,,LIBRE,,LIBRE,,LIBRE,,LIBRE,,LIBRE,,LIBRE,,LIBRE,
680,Fantasía,Emilia Pardo Bazán,s. f.,1921,Dominio público,"GEOBLOQUEAR:PR,US",LIBRE,,LIBRE,,LIBRE,,LIBRE,,LIBRE,,LIBRE,,REVISAR,,REVISAR,,LIBRE,,LIBRE,,LIBRE,,LIBRE,,LIBRE,,LIBRE,,LIBRE,,LIBRE,,LIBRE,,LIBRE,,LIBRE,,LIBRE,
676,La Gota de Sangre,Emilia Pardo Bazán,1911,1921,Dominio público,PUBLICAR,LIBRE,,LIBRE,,LIBRE,,LIBRE,,LIBRE,,LIBRE,,LIBRE,,LIBRE,,LIBRE,,LIBRE,,LIBRE,,LIBRE,,LIBRE,,LIBRE,,LIBRE,,LIBRE,,LIBRE,,LIBRE,,LIBRE,,LIBRE,
660,Insolación,Emilia Pardo Bazán,1889,1921,Dominio público,PUBLICAR,LIBRE,,LIBRE,,LIBRE,,LIBRE,,LIBRE,,LIBRE,,LIBRE,,LIBRE,,LIBRE,,LIBRE,,LIBRE,,LIBRE,,LIBRE,,LIBRE,,LIBRE,,LIBRE,,LIBRE,,LIBRE,,LIBRE,,LIBRE,
646,Insolación y Morriña,Emilia Pardo Bazán,1889,1921,Dominio público,PUBLICAR,LIBRE,,LIBRE,,LIBRE,,LIBRE,,LIBRE,,LIBRE,,LIBRE,,LIBRE,,LIBRE,,LIBRE,,LIBRE,,LIBRE,,LIBRE,,LIBRE,,LIBRE,,LIBRE,,LIBRE,,LIBRE,,LIBRE,,LIBRE,
657,Memorias de un Solterón: Adán y Eva,Emilia Pardo Bazán,1896,1921,Dominio público,PUBLICAR,LIBRE,,LIBRE,,LIBRE,,LIBRE,,LIBRE,,LIBRE,,LIBRE,,LIBRE,,LIBRE,,LIBRE,,LIBRE,,LIBRE,,LIBRE,,LIBRE,,LIBRE,,LIBRE,,LIBRE,,LIBRE,,LIBRE,,LIBRE,
645,Misterio,Emilia Pardo Bazán,1903,1921,Dominio público,PUBLICAR,LIBRE,,LIBRE,,LIBRE,,LIBRE,,LIBRE,,LIBRE,,LIBRE,,LIBRE,,LIBRE,,LIBRE,,LIBRE,,LIBRE,,LIBRE,,LIBRE,,LIBRE,,LIBRE,,LIBRE,,LIBRE,,LIBRE,,LIBRE,
659,Morriña,Emilia Pardo Bazán,1889,1921,Dominio público,PUBLICAR,LIBRE,,LIBRE,,LIBRE,,LIBRE,,LIBRE,,LIBRE,,LIBRE,,LIBRE,,LIBRE,,LIBRE,,LIBRE,,LIBRE,,LIBRE,,LIBRE,,LIBRE,,LIBRE,,LIBRE,,LIBRE,,LIBRE,,LIBRE,
670,El Niño de Guzmán,Emilia Pardo Bazán,1891,1921,Dominio público,PUBLICAR,LIBRE,,LIBRE,,LIBRE,,LIBRE,,LIBRE,,LIBRE,,LIBRE,,LIBRE,,LIBRE,,LIBRE,,LIBRE,,LIBRE,,LIBRE,,LIBRE,,LIBRE,,LIBRE,,LIBRE,,LIBRE,,LIBRE,,LIBRE,
671,Pascual López,Emilia Pardo Bazán,1879,1921,Dominio público,PUBLICAR,LIBRE,,LIBRE,,LIBRE,,LIBRE,,LIBRE,,LIBRE,,LIBRE,,LIBRE,,LIBRE,,LIBRE,,LIBRE,,LIBRE,,LIBRE,,LIBRE,,LIBRE,,LIBRE,,LIBRE,,LIBRE,,LIBRE,,LIBRE,
667,La Piedra Angular,Emilia Pardo Bazán,1891,1921,Dominio público,PUBLICAR,LIBRE,,LIBRE,,LIBRE,,LIBRE,,LIBRE,,LIBRE,,LIBRE,,LIBRE,,LIBRE,,LIBRE,,LIBRE,,LIBRE,,LIBRE,,LIBRE,,LIBRE,,LIBRE,,LIBRE,,LIBRE,,LIBRE,,LIBRE,
663,La Prueba,Emilia Pardo Bazán,1890,1921,Dominio público,PUBLICAR,LIBRE,,LIBRE,,LIBRE,,LIBRE,,LIBRE,,LIBRE,,LIBRE,,LIBRE,,LIBRE,,LIBRE,,LIBRE,,LIBRE,,LIBRE,,LIBRE,,LIBRE,,LIBRE,,LIBRE,,LIBRE,,LIBRE,,LIBRE,
654,El Saludo de las Brujas,Emilia Pardo Bazán,1898,1921,Dominio público,PUBLICAR,LIBRE,,LIBRE,,LIBRE,,LIBRE,,LIBRE,,LIBRE,,LIBRE,,LIBRE,,LIBRE,,LIBRE,,LIBRE,,LIBRE,,LIBRE,,LIBRE,,LIBRE,,LIBRE,,LIBRE,,LIBRE,,LIBRE,,LIBRE,
666,La Sirena Negra,Emilia Pardo Bazán,1908,1921,Dominio público,PUBLICAR,LIBRE,,LIBRE,,LIBRE,,LIBRE,,LIBRE,,LIBRE,,LIBRE,,LIBRE,,LIBRE,,LIBRE,,LIBRE,,LIBRE,,LIBRE,,LIBRE,,LIBRE,,LIBRE,,LIBRE,,LIBRE,,LIBRE,,LIBRE,
668,El Tesoro de Gastón,Emilia Pardo Bazán,1897,1921,Dominio público,PUBLICAR,LIBRE,,LIBRE,,LIBRE,,LIBRE,,LIBRE,,LIBRE,,LIBRE,,LIBRE,,LIBRE,,LIBRE,,LIBRE,,LIBRE,,LIBRE,,LIBRE,,LIBRE,,LIBRE,,LIBRE,,LIBRE,,LIBRE,,LIBRE,
677,La Última Fada,Emilia Pardo Bazán,1916,1921,Dominio público,PUBLICAR,LIBRE,,LIBRE,,LIBRE,,LIBRE,,LIBRE,,LIBRE,,LIBRE,,LIBRE,,LIBRE,,LIBRE,,LIBRE,,LIBRE,,LIBRE,,LIBRE,,LIBRE,,LIBRE,,LIBRE,,LIBRE,,LIBRE,,LIBRE,
682,La Venganza de las Flores,Emilia Pardo Bazán,s. f.,1921,Dominio público,"GEOBLOQUEAR:PR,US",LIBRE,,LIBRE,,LIBRE,,LIBRE,,LIBRE,,LIBRE,,REVISAR,,REVISAR,,LIBRE,,LIBRE,,LIBRE,,LIBRE,,LIBRE,,LIBRE,,LIBRE,,LIBRE,,LIBRE,,LIBRE,,LIBRE,,LIBRE,
669,Un Viaje de Novios,Emilia Pardo Bazán,1881,1921,Dominio público,PUBLICAR,LIBRE,,LIBRE,,LIBRE,,LIBRE,,LIBRE,,LIBRE,,LIBRE,,LIBRE,,LIBRE,,LIBRE,,LIBRE,,LIBRE,,LIBRE,,LIBRE,,LIBRE,,LIBRE,,LIBRE,,LIBRE,,LIBRE,,LIBRE,
684,Camila,Estanislao del Campo,s. f.,1880,Dominio público,"GEOBLOQUEAR:PR,US",LIBRE,,LIBRE,,LIBRE,,LIBRE,,LIBRE,,LIBRE,,REVISAR,,REVISAR,,LIBRE,,LIBRE,,LIBRE,,LIBRE,,LIBRE,,LIBRE,,LIBRE,,LIBRE,,LIBRE,,LIBRE,,LIBRE,,LIBRE,
683,Fausto,Estanislao del Campo,1866,1880,Dominio público,PUBLICAR,LIBRE,,LIBRE,,LIBRE,,LIBRE,,LIBRE,,LIBRE,,LIBRE,,LIBRE,,LIBRE,,LIBRE,,LIBRE,,LIBRE,,LIBRE,,LIBRE,,LIBRE,,LIBRE,,LIBRE,,LIBRE,,LIBRE,,LIBRE,
685,Juan Moreira,Eduardo Gutiérrez,1879,1889,Dominio público,PUBLICAR,LIBRE,,LIBRE,,LIBRE,,LIBRE,,LIBRE,,LIBRE,,LIBRE,,LIBRE,,LIBRE,,LIBRE,,LIBRE,,LIBRE,,LIBRE,,LIBRE,,LIBRE,,LIBRE,,LIBRE,,LIBRE,,LIBRE,,LIBRE,
687,La Bolsa de Huesos,Eduardo Ladislao Holmberg,1896,1937,Dominio público,GEOBLOQUEAR:MX,LIBRE,,LIBRE,,PROTEGIDO,2038,LIBRE,,LIBRE,,LIBRE,,LIBRE,,LIBRE,,LIBRE,,LIBRE,,LIBRE,,LIBRE,,LIBRE,,LIBRE,,LIBRE,,LIBRE,,LIBRE,,LIBRE,,LIBRE,,LIBRE,
688,Horacio Kalibang,Eduardo Ladislao Holmberg,1879,1937,Dominio público,GEOBLOQUEAR:MX,LIBRE,,LIBRE,,PROTEGIDO,2038,LIBRE,,LIBRE,,LIBRE,,LIBRE,,LIBRE,,LIBRE,,LIBRE,,LIBRE,,LIBRE,,LIBRE,,LIBRE,,LIBRE,,LIBRE,,LIBRE,,LIBRE,,LIBRE,,LIBRE,
686,Viaje Maravilloso del Señor Nic-Nac,Eduardo Ladislao Holmberg,1875,1937,Dominio público,GEOBLOQUEAR:MX,LIBRE,,LIBRE,,PROTEGIDO,2038,LIBRE,,LIBRE,,LIBRE,,LIBRE,,LIBRE,,LIBRE,,LIBRE,,LIBRE,,LIBRE,,LIBRE,,LIBRE,,LIBRE,,LIBRE,,LIBRE,,LIBRE,,LIBRE,,LIBRE,
690,El Capitán Pérez,Carlos Octavio Bunge,s. f.,1918,Dominio público,"GEOBLOQUEAR:PR,US",LIBRE,,LIBRE,,LIBRE,,LIBRE,,LIBRE,,LIBRE,,REVISAR,,REVISAR,,LIBRE,,LIBRE,,LIBRE,,LIBRE,,LIBRE,,LIBRE,,LIBRE,,LIBRE,,LIBRE,,LIBRE,,LIBRE,,LIBRE,
691,La Madrina de Lita,Carlos Octavio Bunge,s. f.,1918,Dominio público,"GEOBLOQUEAR:PR,US",LIBRE,,LIBRE,,LIBRE,,LIBRE,,LIBRE,,LIBRE,,REVISAR,,REVISAR,,LIBRE,,LIBRE,,LIBRE,,LIBRE,,LIBRE,,LIBRE,,LIBRE,,LIBRE,,LIBRE,,LIBRE,,LIBRE,,LIBRE,
689,Thespis,Carlos Octavio Bunge,s. f.,1918,Dominio público,"GEOBLOQUEAR:PR,US",LIBRE,,LIBRE,,LIBRE,,LIBRE,,LIBRE,,LIBRE,,REVISAR,,REVISAR,,LIBRE,,LIBRE,,LIBRE,,LIBRE,,LIBRE,,LIBRE,,LIBRE,,LIBRE,,LIBRE,,LIBRE,,LIBRE,,LIBRE,
692,El Último Grande de España,Carlos Octavio Bunge,s. f.,1918,Dominio público,"GEOBLOQUEAR:PR,US",LIBRE,,LIBRE,,LIBRE,,LIBRE,,LIBRE,,LIBRE,,REVISAR,,REVISAR,,LIBRE,,LIBRE,,LIBRE,,LIBRE,,LIBRE,,LIBRE,,LIBRE,,LIBRE,,LIBRE,,LIBRE,,LIBRE,,LIBRE,
693,Hacia una Moral Sin Dogmas,José Ingenieros,1917,1925,Dominio público,PUBLICAR,LIBRE,,LIBRE,,LIBRE,,LIBRE,,LIBRE,,LIBRE,,LIBRE,,LIBRE,,LIBRE,,LIBRE,,LIBRE,,LIBRE,,LIBRE,,LIBRE,,LIBRE,,LIBRE,,LIBRE,,LIBRE,,LIBRE,,LIBRE,
694,Veinte Días en Génova,Juan Bautista Alberdi,1845,,Dominio público,PUBLICAR,LIBRE,,LIBRE,,LIBRE,,LIBRE,,LIBRE,,LIBRE,,LIBRE,,LIBRE,,LIBRE,,LIBRE,,LIBRE,,LIBRE,,LIBRE,,LIBRE,,LIBRE,,LIBRE,,LIBRE,,LIBRE,,LIBRE,,LIBRE,
695,Amalia,José Mármol,1851,1871,Dominio público,PUBLICAR,LIBRE,,LIBRE,,LIBRE,,LIBRE,,LIBRE,,LIBRE,,LIBRE,,LIBRE,,LIBRE,,LIBRE,,LIBRE,,LIBRE,,LIBRE,,LIBRE,,LIBRE,,LIBRE,,LIBRE,,LIBRE,,LIBRE,,LIBRE,
696,¿Inocentes o Culpables?,Antonio Argerich,1884,1940,Dominio público,GEOBLOQUEAR:MX,LIBRE,,LIBRE,,PROTEGIDO,2041,LIBRE,,LIBRE,,LIBRE,,LIBRE,,LIBRE,,LIBRE,,LIBRE,,LIBRE,,LIBRE,,LIBRE,,LIBRE,,LIBRE,,LIBRE,,LIBRE,,LIBRE,,LIBRE,,LIBRE,
697,Adriana Zumarán,Carlos Alberto Leumann,s. f.,1952,Dominio público,"GEOBLOQUEAR:MX,PR,US",LIBRE,,LIBRE,,PROTEGIDO,2053,LIBRE,,LIBRE,,LIBRE,,REVISAR,,REVISAR,,LIBRE,,LIBRE,,LIBRE,,LIBRE,,LIBRE,,LIBRE,,LIBRE,,LIBRE,,LIBRE,,LIBRE,,LIBRE,,LIBRE,
699,Brenda,Eduardo Acevedo Díaz,s. f.,1921,Dominio público,"GEOBLOQUEAR:PR,US",LIBRE,,LIBRE,,LIBRE,,LIBRE,,LIBRE,,LIBRE,,REVISAR,,REVISAR,,LIBRE,,LIBRE,,LIBRE,,LIBRE,,LIBRE,,LIBRE,,LIBRE,,LIBRE,,LIBRE,,LIBRE,,LIBRE,,LIBRE,
703,El Combate de la Tapera,Eduardo Acevedo Díaz,1892,1921,Dominio público,PUBLICAR,LIBRE,,LIBRE,,LIBRE,,LIBRE,,LIBRE,,LIBRE,,LIBRE,,LIBRE,,LIBRE,,LIBRE,,LIBRE,,LIBRE,,LIBRE,,LIBRE,,LIBRE,,LIBRE,,LIBRE,,LIBRE,,LIBRE,,LIBRE,
702,Desde el Tronco de un Ombú,Eduardo Acevedo Díaz,1902,1921,Dominio público,PUBLICAR,LIBRE,,LIBRE,,LIBRE,,LIBRE,,LIBRE,,LIBRE,,LIBRE,,LIBRE,,LIBRE,,LIBRE,,LIBRE,,LIBRE,,LIBRE,,LIBRE,,LIBRE,,LIBRE,,LIBRE,,LIBRE,,LIBRE,,LIBRE,
705,Cuentos y prosas dispersos,Eduardo Acevedo Díaz,s. f.,1921,Dominio público,"GEOBLOQUEAR:PR,US",LIBRE,,LIBRE,,LIBRE,,LIBRE,,LIBRE,,LIBRE,,REVISAR,,REVISAR,,LIBRE,,LIBRE,,LIBRE,,LIBRE,,LIBRE,,LIBRE,,LIBRE,,LIBRE,,LIBRE,,LIBRE,,LIBRE,,LIBRE,
700,Grito de Gloria,Eduardo Acevedo Díaz,1893,1921,Dominio público,PUBLICAR,LIBRE,,LIBRE,,LIBRE,,LIBRE,,LIBRE,,LIBRE,,LIBRE,,LIBRE,,LIBRE,,LIBRE,,LIBRE,,LIBRE,,LIBRE,,LIBRE,,LIBRE,,LIBRE,,LIBRE,,LIBRE,,LIBRE,,LIBRE,
704,Idilios Precoces,Eduardo Acevedo Díaz,s. f.,1921,Dominio público,"GEOBLOQUEAR:PR,US",LIBRE,,LIBRE,,LIBRE,,LIBRE,,LIBRE,,LIBRE,,REVISAR,,REVISAR,,LIBRE,,LIBRE,,LIBRE,,LIBRE,,LIBRE,,LIBRE,,LIBRE,,LIBRE,,LIBRE,,LIBRE,,LIBRE,,LIBRE,
698,Ismael,Eduardo Acevedo Díaz,s. f.,1921,Dominio público,"GEOBLOQUEAR:PR,US",LIBRE,,LIBRE,,LIBRE,,LIBRE,,LIBRE,,LIBRE,,REVISAR,,REVISAR,,LIBRE,,LIBRE,,LIBRE,,LIBRE,,LIBRE,,LIBRE,,LIBRE,,LIBRE,,LIBRE,,LIBRE,,LIBRE,,LIBRE,
701,Nativa,Eduardo Acevedo Díaz,s. f.,1921,Dominio público,"GEOBLOQUEAR:PR,US",LIBRE,,LIBRE,,LIBRE,,LIBRE,,LIBRE,,LIBRE,,REVISAR,,REVISAR,,LIBRE,,LIBRE,,LIBRE,,LIBRE,,LIBRE,,LIBRE,,LIBRE,,LIBRE,,LIBRE,,LIBRE,,LIBRE,,LIBRE,
769,La Semana de los 3 Jueves,Francisco Campos Coello,s. f.,1916,Dominio público,"GEOBLOQUEAR:PR,US",LIBRE,,LIBRE,,LIBRE,,LIBRE,,LIBRE,,LIBRE,,REVISAR,,REVISAR,,LIBRE,,LIBRE,,LIBRE,,LIBRE,,LIBRE,,LIBRE,,LIBRE,,LIBRE,,LIBRE,,LIBRE,,LIBRE,,LIBRE,
770,Cuentos y prosas dispersos,Francisco Campos Coello,s. f.,1916,Dominio público,"GEOBLOQUEAR:PR,US",LIBRE,,LIBRE,,LIBRE,,LIBRE,,LIBRE,,LIBRE,,REVISAR,,REVISAR,,LIBRE,,LIBRE,,LIBRE,,LIBRE,,LIBRE,,LIBRE,,LIBRE,,LIBRE,,LIBRE,,LIBRE,,LIBRE,,LIBRE,
707,Doñarramona,José Pedro Bellán,1918,1930,Dominio público,GEOBLOQUEAR:MX,LIBRE,,LIBRE,,PROTEGIDO,2031,LIBRE,,LIBRE,,LIBRE,,LIBRE,,LIBRE,,LIBRE,,LIBRE,,LIBRE,,LIBRE,,LIBRE,,LIBRE,,LIBRE,,LIBRE,,LIBRE,,LIBRE,,LIBRE,,LIBRE,
706,Doñarramona y Otros Relatos,José Pedro Bellán,s. f.,1930,Dominio público,"GEOBLOQUEAR:MX,PR,US",LIBRE,,LIBRE,,PROTEGIDO,2031,LIBRE,,LIBRE,,LIBRE,,REVISAR,,REVISAR,,LIBRE,,LIBRE,,LIBRE,,LIBRE,,LIBRE,,LIBRE,,LIBRE,,LIBRE,,LIBRE,,LIBRE,,LIBRE,,LIBRE,
708,Huerco,José Pedro Bellán,1914,1930,Dominio público,GEOBLOQUEAR:MX,LIBRE,,LIBRE,,PROTEGIDO,2031,LIBRE,,LIBRE,,LIBRE,,LIBRE,,LIBRE,,LIBRE,,LIBRE,,LIBRE,,LIBRE,,LIBRE,,LIBRE,,LIBRE,,LIBRE,,LIBRE,,LIBRE,,LIBRE,,LIBRE,
709,El Pecado de Alejandra Leonard,José Pedro Bellán,s. f.,1930,Dominio público,"GEOBLOQUEAR:MX,PR,US",LIBRE,,LIBRE,,PROTEGIDO,2031,LIBRE,,LIBRE,,LIBRE,,REVISAR,,REVISAR,,LIBRE,,LIBRE,,LIBRE,,LIBRE,,LIBRE,,LIBRE,,LIBRE,,LIBRE,,LIBRE,,LIBRE,,LIBRE,,LIBRE,
710,El Periquillo Sarniento,José Joaquín Fernández de Lizardi,1816,,Dominio público,PUBLICAR,LIBRE,,LIBRE,,LIBRE,,LIBRE,,LIBRE,,LIBRE,,LIBRE,,LIBRE,,LIBRE,,LIBRE,,LIBRE,,LIBRE,,LIBRE,,LIBRE,,LIBRE,,LIBRE,,LIBRE,,LIBRE,,LIBRE,,LIBRE,
711,La Bola,Emilio Rabasa,1887,1930,Dominio público,GEOBLOQUEAR:MX,LIBRE,,LIBRE,,PROTEGIDO,2031,LIBRE,,LIBRE,,LIBRE,,LIBRE,,LIBRE,,LIBRE,,LIBRE,,LIBRE,,LIBRE,,LIBRE,,LIBRE,,LIBRE,,LIBRE,,LIBRE,,LIBRE,,LIBRE,,LIBRE,
712,Cuentos y prosas dispersos,Laura Méndez de Cuenca,s. f.,1928,Dominio público,"GEOBLOQUEAR:MX,PR,US",LIBRE,,LIBRE,,PROTEGIDO,2029,LIBRE,,LIBRE,,LIBRE,,REVISAR,,REVISAR,,LIBRE,,LIBRE,,LIBRE,,LIBRE,,LIBRE,,LIBRE,,LIBRE,,LIBRE,,LIBRE,,LIBRE,,LIBRE,,LIBRE,
715,Buondelmonti,José María Roa Bárcena,s. f.,1908,Dominio público,"GEOBLOQUEAR:PR,US",LIBRE,,LIBRE,,LIBRE,,LIBRE,,LIBRE,,LIBRE,,REVISAR,,REVISAR,,LIBRE,,LIBRE,,LIBRE,,LIBRE,,LIBRE,,LIBRE,,LIBRE,,LIBRE,,LIBRE,,LIBRE,,LIBRE,,LIBRE,
714,Noche al Raso,José María Roa Bárcena,s. f.,1908,Dominio público,"GEOBLOQUEAR:PR,US",LIBRE,,LIBRE,,LIBRE,,LIBRE,,LIBRE,,LIBRE,,REVISAR,,REVISAR,,LIBRE,,LIBRE,,LIBRE,,LIBRE,,LIBRE,,LIBRE,,LIBRE,,LIBRE,,LIBRE,,LIBRE,,LIBRE,,LIBRE,
713,El Rey y el Bufón,José María Roa Bárcena,s. f.,1908,Dominio público,"GEOBLOQUEAR:PR,US",LIBRE,,LIBRE,,LIBRE,,LIBRE,,LIBRE,,LIBRE,,REVISAR,,REVISAR,,LIBRE,,LIBRE,,LIBRE,,LIBRE,,LIBRE,,LIBRE,,LIBRE,,LIBRE,,LIBRE,,LIBRE,,LIBRE,,LIBRE,
717,Artículos Ligeros sobre Asuntos Trascendentales I,José Tomás de Cuéllar,s. f.,1894,Dominio público,"GEOBLOQUEAR:PR,US",LIBRE,,LIBRE,,LIBRE,,LIBRE,,LIBRE,,LIBRE,,REVISAR,,REVISAR,,LIBRE,,LIBRE,,LIBRE,,LIBRE,,LIBRE,,LIBRE,,LIBRE,,LIBRE,,LIBRE,,LIBRE,,LIBRE,,LIBRE,
718,Artículos Ligeros sobre Asuntos Trascendentales II,José Tomás de Cuéllar,s. f.,1894,Dominio público,"GEOBLOQUEAR:PR,US",LIBRE,,LIBRE,,LIBRE,,LIBRE,,LIBRE,,LIBRE,,REVISAR,,REVISAR,,LIBRE,,LIBRE,,LIBRE,,LIBRE,,LIBRE,,LIBRE,,LIBRE,,LIBRE,,LIBRE,,LIBRE,,LIBRE,,LIBRE,
730,Baile y Cochino...,José Tomás de Cuéllar,s. f.,1894,Dominio público,"GEOBLOQUEAR:PR,US",LIBRE,,LIBRE,,LIBRE,,LIBRE,,LIBRE,,LIBRE,,REVISAR,,REVISAR,,LIBRE,,LIBRE,,LIBRE,,LIBRE,,LIBRE,,LIBRE,,LIBRE,,LIBRE,,LIBRE,,LIBRE,,LIBRE,,LIBRE,
724,El Comerciante en Perlas,José Tomás de Cuéllar,s. f.,1894,Dominio público,"GEOBLOQUEAR:PR,US",LIBRE,,LIBRE,,LIBRE,,LIBRE,,LIBRE,,LIBRE,,REVISAR,,REVISAR,,LIBRE,,LIBRE,,LIBRE,,LIBRE,,LIBRE,,LIBRE,,LIBRE,,LIBRE,,LIBRE,,LIBRE,,LIBRE,,LIBRE,
722,Ensalada de Pollos,José Tomás de Cuéllar,s. f.,1894,Dominio público,"GEOBLOQUEAR:PR,US",LIBRE,,LIBRE,,LIBRE,,LIBRE,,LIBRE,,LIBRE,,REVISAR,,REVISAR,,LIBRE,,LIBRE,,LIBRE,,LIBRE,,LIBRE,,LIBRE,,LIBRE,,LIBRE,,LIBRE,,LIBRE,,LIBRE,,LIBRE,
727,Estampas del Siglo XIX,José Tomás de Cuéllar,s. f.,1894,Dominio público,"GEOBLOQUEAR:PR,US",LIBRE,,LIBRE,,LIBRE,,LIBRE,,LIBRE,,LIBRE,,REVISAR,,REVISAR,,LIBRE,,LIBRE,,LIBRE,,LIBRE,,LIBRE,,LIBRE,,LIBRE,,LIBRE,,LIBRE,,LIBRE,,LIBRE,,LIBRE,
726,Los Fuereños,José Tomás de Cuéllar,s. f.,1894,Dominio público,"GEOBLOQUEAR:PR,US",LIBRE,,LIBRE,,LIBRE,,LIBRE,,LIBRE,,LIBRE,,REVISAR,,REVISAR,,LIBRE,,LIBRE,,LIBRE,,LIBRE,,LIBRE,,LIBRE,,LIBRE,,LIBRE,,LIBRE,,LIBRE,,LIBRE,,LIBRE,
719,Gabriel el Cerrajero o las Hijas de mi Papá,José Tomás de Cuéllar,s. f.,1894,Dominio público,"GEOBLOQUEAR:PR,US",LIBRE,,LIBRE,,LIBRE,,LIBRE,,LIBRE,,LIBRE,,REVISAR,,REVISAR,,LIBRE,,LIBRE,,LIBRE,,LIBRE,,LIBRE,,LIBRE,,LIBRE,,LIBRE,,LIBRE,,LIBRE,,LIBRE,,LIBRE,
716,Las Gentes que Son Así,José Tomás de Cuéllar,s. f.,1894,Dominio público,"GEOBLOQUEAR:PR,US",LIBRE,,LIBRE,,LIBRE,,LIBRE,,LIBRE,,LIBRE,,REVISAR,,REVISAR,,LIBRE,,LIBRE,,LIBRE,,LIBRE,,LIBRE,,LIBRE,,LIBRE,,LIBRE,,LIBRE,,LIBRE,,LIBRE,,LIBRE,
723,La Historia de Chucho el Ninfo,José Tomás de Cuéllar,s. f.,1894,Dominio público,"GEOBLOQUEAR:PR,US",LIBRE,,LIBRE,,LIBRE,,LIBRE,,LIBRE,,LIBRE,,REVISAR,,REVISAR,,LIBRE,,LIBRE,,LIBRE,,LIBRE,,LIBRE,,LIBRE,,LIBRE,,LIBRE,,LIBRE,,LIBRE,,LIBRE,,LIBRE,
721,Isolina la Ex-Figurante,José Tomás de Cuéllar,s. f.,1894,Dominio público,"GEOBLOQUEAR:PR,US",LIBRE,,LIBRE,,LIBRE,,LIBRE,,LIBRE,,LIBRE,,REVISAR,,REVISAR,,LIBRE,,LIBRE,,LIBRE,,LIBRE,,LIBRE,,LIBRE,,LIBRE,,LIBRE,,LIBRE,,LIBRE,,LIBRE,,LIBRE,
720,Las Jamonas,José Tomás de Cuéllar,1891,1894,Dominio público,PUBLICAR,LIBRE,,LIBRE,,LIBRE,,LIBRE,,LIBRE,,LIBRE,,LIBRE,,LIBRE,,LIBRE,,LIBRE,,LIBRE,,LIBRE,,LIBRE,,LIBRE,,LIBRE,,LIBRE,,LIBRE,,LIBRE,,LIBRE,,LIBRE,
728,Los Mariditos,José Tomás de Cuéllar,s. f.,1894,Dominio público,"GEOBLOQUEAR:PR,US",LIBRE,,LIBRE,,LIBRE,,LIBRE,,LIBRE,,LIBRE,,REVISAR,,REVISAR,,LIBRE,,LIBRE,,LIBRE,,LIBRE,,LIBRE,,LIBRE,,LIBRE,,LIBRE,,LIBRE,,LIBRE,,LIBRE,,LIBRE,
729,La Noche Buena,José Tomás de Cuéllar,s. f.,1894,Dominio público,"GEOBLOQUEAR:PR,US",LIBRE,,LIBRE,,LIBRE,,LIBRE,,LIBRE,,LIBRE,,REVISAR,,REVISAR,,LIBRE,,LIBRE,,LIBRE,,LIBRE,,LIBRE,,LIBRE,,LIBRE,,LIBRE,,LIBRE,,LIBRE,,LIBRE,,LIBRE,
731,Las Posadas,José Tomás de Cuéllar,s. f.,1894,Dominio público,"GEOBLOQUEAR:PR,US",LIBRE,,LIBRE,,LIBRE,,LIBRE,,LIBRE,,LIBRE,,REVISAR,,REVISAR,,LIBRE,,LIBRE,,LIBRE,,LIBRE,,LIBRE,,LIBRE,,LIBRE,,LIBRE,,LIBRE,,LIBRE,,LIBRE,,LIBRE,
725,Vistazos,José Tomás de Cuéllar,s. f.,1894,Dominio público,"GEOBLOQUEAR:PR,US",LIBRE,,LIBRE,,LIBRE,,LIBRE,,LIBRE,,LIBRE,,REVISAR,,REVISAR,,LIBRE,,LIBRE,,LIBRE,,LIBRE,,LIBRE,,LIBRE,,LIBRE,,LIBRE,,LIBRE,,LIBRE,,LIBRE,,LIBRE,
732,El Cerro de las Campanas,Juan Antonio Mateos,s. f.,1913,Dominio público,"GEOBLOQUEAR:PR,US",LIBRE,,LIBRE,,LIBRE,,LIBRE,,LIBRE,,LIBRE,,REVISAR,,REVISAR,,LIBRE,,LIBRE,,LIBRE,,LIBRE,,LIBRE,,LIBRE,,LIBRE,,LIBRE,,LIBRE,,LIBRE,,LIBRE,,LIBRE,
733,Los Insurgentes,Juan Antonio Mateos,s. f.,1913,Dominio público,"GEOBLOQUEAR:PR,US",LIBRE,,LIBRE,,LIBRE,,LIBRE,,LIBRE,,LIBRE,,REVISAR,,REVISAR,,LIBRE,,LIBRE,,LIBRE,,LIBRE,,LIBRE,,LIBRE,,LIBRE,,LIBRE,,LIBRE,,LIBRE,,LIBRE,,LIBRE,
734,La Majestad Caída,Juan Antonio Mateos,s. f.,1913,Dominio público,"GEOBLOQUEAR:PR,US",LIBRE,,LIBRE,,LIBRE,,LIBRE,,LIBRE,,LIBRE,,REVISAR,,REVISAR,,LIBRE,,LIBRE,,LIBRE,,LIBRE,,LIBRE,,LIBRE,,LIBRE,,LIBRE,,LIBRE,,LIBRE,,LIBRE,,LIBRE,
736,La Clase Media,Juan Díaz Covarrubias,s. f.,1859,Dominio público,"GEOBLOQUEAR:PR,US",LIBRE,,LIBRE,,LIBRE,,LIBRE,,LIBRE,,LIBRE,,REVISAR,,REVISAR,,LIBRE,,LIBRE,,LIBRE,,LIBRE,,LIBRE,,LIBRE,,LIBRE,,LIBRE,,LIBRE,,LIBRE,,LIBRE,,LIBRE,
737,El Diablo en México,Juan Díaz Covarrubias,s. f.,1859,Dominio público,"GEOBLOQUEAR:PR,US",LIBRE,,LIBRE,,LIBRE,,LIBRE,,LIBRE,,LIBRE,,REVISAR,,REVISAR,,LIBRE,,LIBRE,,LIBRE,,LIBRE,,LIBRE,,LIBRE,,LIBRE,,LIBRE,,LIBRE,,LIBRE,,LIBRE,,LIBRE,
735,Gil Gómez el Insurgente,Juan Díaz Covarrubias,s. f.,1859,Dominio público,"GEOBLOQUEAR:PR,US",LIBRE,,LIBRE,,LIBRE,,LIBRE,,LIBRE,,LIBRE,,REVISAR,,REVISAR,,LIBRE,,LIBRE,,LIBRE,,LIBRE,,LIBRE,,LIBRE,,LIBRE,,LIBRE,,LIBRE,,LIBRE,,LIBRE,,LIBRE,
738,"Manuel Lozada, el Tigre de Alica",Ireneo Paz,s. f.,1924,Dominio público,"GEOBLOQUEAR:PR,US",LIBRE,,LIBRE,,LIBRE,,LIBRE,,LIBRE,,LIBRE,,REVISAR,,REVISAR,,LIBRE,,LIBRE,,LIBRE,,LIBRE,,LIBRE,,LIBRE,,LIBRE,,LIBRE,,LIBRE,,LIBRE,,LIBRE,,LIBRE,
739,Los Favores del Mundo,Juan Ruiz de Alarcón,s. f.,1639,Dominio público,"GEOBLOQUEAR:PR,US",LIBRE,,LIBRE,,LIBRE,,LIBRE,,LIBRE,,LIBRE,,REVISAR,,REVISAR,,LIBRE,,LIBRE,,LIBRE,,LIBRE,,LIBRE,,LIBRE,,LIBRE,,LIBRE,,LIBRE,,LIBRE,,LIBRE,,LIBRE,
740,La Verdad Sospechosa,Juan Ruiz de Alarcón,1634,1639,Dominio público,PUBLICAR,LIBRE,,LIBRE,,LIBRE,,LIBRE,,LIBRE,,LIBRE,,LIBRE,,LIBRE,,LIBRE,,LIBRE,,LIBRE,,LIBRE,,LIBRE,,LIBRE,,LIBRE,,LIBRE,,LIBRE,,LIBRE,,LIBRE,,LIBRE,
747,El Beso de Evans,Abraham Valdelomar,s. f.,1919,Dominio público,"GEOBLOQUEAR:PR,US",LIBRE,,LIBRE,,LIBRE,,LIBRE,,LIBRE,,LIBRE,,REVISAR,,REVISAR,,LIBRE,,LIBRE,,LIBRE,,LIBRE,,LIBRE,,LIBRE,,LIBRE,,LIBRE,,LIBRE,,LIBRE,,LIBRE,,LIBRE,
757,El Buque Negro,Abraham Valdelomar,1917,1919,Dominio público,PUBLICAR,LIBRE,,LIBRE,,LIBRE,,LIBRE,,LIBRE,,LIBRE,,LIBRE,,LIBRE,,LIBRE,,LIBRE,,LIBRE,,LIBRE,,LIBRE,,LIBRE,,LIBRE,,LIBRE,,LIBRE,,LIBRE,,LIBRE,,LIBRE,
743,El Caballero Carmelo y Otros Cuentos,Abraham Valdelomar,s. f.,1919,Dominio público,"GEOBLOQUEAR:PR,US",LIBRE,,LIBRE,,LIBRE,,LIBRE,,LIBRE,,LIBRE,,REVISAR,,REVISAR,,LIBRE,,LIBRE,,LIBRE,,LIBRE,,LIBRE,,LIBRE,,LIBRE,,LIBRE,,LIBRE,,LIBRE,,LIBRE,,LIBRE,
752,El Caballero Carmelo,Abraham Valdelomar,1918,1919,Dominio público,PUBLICAR,LIBRE,,LIBRE,,LIBRE,,LIBRE,,LIBRE,,LIBRE,,LIBRE,,LIBRE,,LIBRE,,LIBRE,,LIBRE,,LIBRE,,LIBRE,,LIBRE,,LIBRE,,LIBRE,,LIBRE,,LIBRE,,LIBRE,,LIBRE,
758,El Círculo de la Muerte,Abraham Valdelomar,s. f.,1919,Dominio público,"GEOBLOQUEAR:PR,US",LIBRE,,LIBRE,,LIBRE,,LIBRE,,LIBRE,,LIBRE,,REVISAR,,REVISAR,,LIBRE,,LIBRE,,LIBRE,,LIBRE,,LIBRE,,LIBRE,,LIBRE,,LIBRE,,LIBRE,,LIBRE,,LIBRE,,LIBRE,
748,La Ciudad Muerta,Abraham Valdelomar,s. f.,1919,Dominio público,"GEOBLOQUEAR:PR,US",LIBRE,,LIBRE,,LIBRE,,LIBRE,,LIBRE,,LIBRE,,REVISAR,,REVISAR,,LIBRE,,LIBRE,,LIBRE,,LIBRE,,LIBRE,,LIBRE,,LIBRE,,LIBRE,,LIBRE,,LIBRE,,LIBRE,,LIBRE,
744,La Ciudad de los Tísicos,Abraham Valdelomar,s. f.,1919,Dominio público,"GEOBLOQUEAR:PR,US",LIBRE,,LIBRE,,LIBRE,,LIBRE,,LIBRE,,LIBRE,,REVISAR,,REVISAR,,LIBRE,,LIBRE,,LIBRE,,LIBRE,,LIBRE,,LIBRE,,LIBRE,,LIBRE,,LIBRE,,LIBRE,,LIBRE,,LIBRE,
741,Cuentos Completos,Abraham Valdelomar,s. f.,1919,Dominio público,"GEOBLOQUEAR:PR,US",LIBRE,,LIBRE,,LIBRE,,LIBRE,,LIBRE,,LIBRE,,REVISAR,,REVISAR,,LIBRE,,LIBRE,,LIBRE,,LIBRE,,LIBRE,,LIBRE,,LIBRE,,LIBRE,,LIBRE,,LIBRE,,LIBRE,,LIBRE,
754,"Hebaristo, el Sauce que Murió de Amor",Abraham Valdelomar,1917,1919,Dominio público,PUBLICAR,LIBRE,,LIBRE,,LIBRE,,LIBRE,,LIBRE,,LIBRE,,LIBRE,,LIBRE,,LIBRE,,LIBRE,,LIBRE,,LIBRE,,LIBRE,,LIBRE,,LIBRE,,LIBRE,,LIBRE,,LIBRE,,LIBRE,,LIBRE,
746,Los Hijos del Sol,Abraham Valdelomar,1915,1919,Dominio público,PUBLICAR,LIBRE,,LIBRE,,LIBRE,,LIBRE,,LIBRE,,LIBRE,,LIBRE,,LIBRE,,LIBRE,,LIBRE,,LIBRE,,LIBRE,,LIBRE,,LIBRE,,LIBRE,,LIBRE,,LIBRE,,LIBRE,,LIBRE,,LIBRE,
753,El Hipocampo de Oro,Abraham Valdelomar,1920,1919,Dominio público,PUBLICAR,LIBRE,,LIBRE,,LIBRE,,LIBRE,,LIBRE,,LIBRE,,LIBRE,,LIBRE,,LIBRE,,LIBRE,,LIBRE,,LIBRE,,LIBRE,,LIBRE,,LIBRE,,LIBRE,,LIBRE,,LIBRE,,LIBRE,,LIBRE,
759,Historia de una Vida Documentada y Trunca,Abraham Valdelomar,s. f.,1919,Dominio público,"GEOBLOQUEAR:PR,US",LIBRE,,LIBRE,,LIBRE,,LIBRE,,LIBRE,,LIBRE,,REVISAR,,REVISAR,,LIBRE,,LIBRE,,LIBRE,,LIBRE,,LIBRE,,LIBRE,,LIBRE,,LIBRE,,LIBRE,,LIBRE,,LIBRE,,LIBRE,
745,La Mariscala,Abraham Valdelomar,s. f.,1919,Dominio público,"GEOBLOQUEAR:PR,US",LIBRE,,LIBRE,,LIBRE,,LIBRE,,LIBRE,,LIBRE,,REVISAR,,REVISAR,,LIBRE,,LIBRE,,LIBRE,,LIBRE,,LIBRE,,LIBRE,,LIBRE,,LIBRE,,LIBRE,,LIBRE,,LIBRE,,LIBRE,
755,Los Ojos de Judas,Abraham Valdelomar,s. f.,1919,Dominio público,"GEOBLOQUEAR:PR,US",LIBRE,,LIBRE,,LIBRE,,LIBRE,,LIBRE,,LIBRE,,REVISAR,,REVISAR,,LIBRE,,LIBRE,,LIBRE,,LIBRE,,LIBRE,,LIBRE,,LIBRE,,LIBRE,,LIBRE,,LIBRE,,LIBRE,,LIBRE,
756,La Paraca,Abraham Valdelomar,s. f.,1919,Dominio público,"GEOBLOQUEAR:PR,US",LIBRE,,LIBRE,,LIBRE,,LIBRE,,LIBRE,,LIBRE,,REVISAR,,REVISAR,,LIBRE,,LIBRE,,LIBRE,,LIBRE,,LIBRE,,LIBRE,,LIBRE,,LIBRE,,LIBRE,,LIBRE,,LIBRE,,LIBRE,
742,Poesía Completa,Abraham Valdelomar,s. f.,1919,Dominio público,"GEOBLOQUEAR:PR,US",LIBRE,,LIBRE,,LIBRE,,LIBRE,,LIBRE,,LIBRE,,REVISAR,,REVISAR,,LIBRE,,LIBRE,,LIBRE,,LIBRE,,LIBRE,,LIBRE,,LIBRE,,LIBRE,,LIBRE,,LIBRE,,LIBRE,,LIBRE,
749,"Tres Senas, Dos Ases",Abraham Valdelomar,s. f.,1919,Dominio público,"GEOBLOQUEAR:PR,US",LIBRE,,LIBRE,,LIBRE,,LIBRE,,LIBRE,,LIBRE,,REVISAR,,REVISAR,,LIBRE,,LIBRE,,LIBRE,,LIBRE,,LIBRE,,LIBRE,,LIBRE,,LIBRE,,LIBRE,,LIBRE,,LIBRE,,LIBRE,
751,El Vuelo de los Cóndores,Abraham Valdelomar,1914,1919,Dominio público,PUBLICAR,LIBRE,,LIBRE,,LIBRE,,LIBRE,,LIBRE,,LIBRE,,LIBRE,,LIBRE,,LIBRE,,LIBRE,,LIBRE,,LIBRE,,LIBRE,,LIBRE,,LIBRE,,LIBRE,,LIBRE,,LIBRE,,LIBRE,,LIBRE,
750,Yerba Santa,Abraham Valdelomar,s. f.,1919,Dominio público,"GEOBLOQUEAR:PR,US",LIBRE,,LIBRE,,LIBRE,,LIBRE,,LIBRE,,LIBRE,,REVISAR,,REVISAR,,LIBRE,,LIBRE,,LIBRE,,LIBRE,,LIBRE,,LIBRE,,LIBRE,,LIBRE,,LIBRE,,LIBRE,,LIBRE,,LIBRE,
762,Cuento de Marionetes,Clemente Palma,s. f.,1946,Dominio público,"GEOBLOQUEAR:MX,PR,US",LIBRE,,LIBRE,,PROTEGIDO,2047,LIBRE,,LIBRE,,LIBRE,,REVISAR,,REVISAR,,LIBRE,,LIBRE,,LIBRE,,LIBRE,,LIBRE,,LIBRE,,LIBRE,,LIBRE,,LIBRE,,LIBRE,,LIBRE,,LIBRE,
760,Cuentos Malévolos,Clemente Palma,1904,1946,Dominio público,GEOBLOQUEAR:MX,LIBRE,,LIBRE,,PROTEGIDO,2047,LIBRE,,LIBRE,,LIBRE,,LIBRE,,LIBRE,,LIBRE,,LIBRE,,LIBRE,,LIBRE,,LIBRE,,LIBRE,,LIBRE,,LIBRE,,LIBRE,,LIBRE,,LIBRE,,LIBRE,
761,La Granja Blanca,Clemente Palma,s. f.,1946,Dominio público,"GEOBLOQUEAR:MX,PR,US",LIBRE,,LIBRE,,PROTEGIDO,2047,LIBRE,,LIBRE,,LIBRE,,REVISAR,,REVISAR,,LIBRE,,LIBRE,,LIBRE,,LIBRE,,LIBRE,,LIBRE,,LIBRE,,LIBRE,,LIBRE,,LIBRE,,LIBRE,,LIBRE,
763,Leyenda de Hachisch,Clemente Palma,s. f.,1946,Dominio público,"GEOBLOQUEAR:MX,PR,US",LIBRE,,LIBRE,,PROTEGIDO,2047,LIBRE,,LIBRE,,LIBRE,,REVISAR,,REVISAR,,LIBRE,,LIBRE,,LIBRE,,LIBRE,,LIBRE,,LIBRE,,LIBRE,,LIBRE,,LIBRE,,LIBRE,,LIBRE,,LIBRE,
771,Repisas,José de la Cuadra,s. f.,1941,Dominio público,"GEOBLOQUEAR:MX,PR,US",LIBRE,,LIBRE,,PROTEGIDO,2042,LIBRE,,LIBRE,,LIBRE,,REVISAR,,REVISAR,,LIBRE,,LIBRE,,LIBRE,,LIBRE,,LIBRE,,LIBRE,,LIBRE,,LIBRE,,LIBRE,,LIBRE,,LIBRE,,LIBRE,
764,Comentarios Reales de los Incas,Inca Garcilaso de la Vega,s. f.,1616,Dominio público,"GEOBLOQUEAR:PR,US",LIBRE,,LIBRE,,LIBRE,,LIBRE,,LIBRE,,LIBRE,,REVISAR,,REVISAR,,LIBRE,,LIBRE,,LIBRE,,LIBRE,,LIBRE,,LIBRE,,LIBRE,,LIBRE,,LIBRE,,LIBRE,,LIBRE,,LIBRE,
765,La Florida del Inca,Inca Garcilaso de la Vega,s. f.,1616,Dominio público,"GEOBLOQUEAR:PR,US",LIBRE,,LIBRE,,LIBRE,,LIBRE,,LIBRE,,LIBRE,,REVISAR,,REVISAR,,LIBRE,,LIBRE,,LIBRE,,LIBRE,,LIBRE,,LIBRE,,LIBRE,,LIBRE,,LIBRE,,LIBRE,,LIBRE,,LIBRE,
766,Contra la Marea,Alberto del Solar,s. f.,1921,Dominio público,"GEOBLOQUEAR:PR,US",LIBRE,,LIBRE,,LIBRE,,LIBRE,,LIBRE,,LIBRE,,REVISAR,,REVISAR,,LIBRE,,LIBRE,,LIBRE,,LIBRE,,LIBRE,,LIBRE,,LIBRE,,LIBRE,,LIBRE,,LIBRE,,LIBRE,,LIBRE,
767,Cuentos Grises,Carlos Gagini,s. f.,1925,Dominio público,"GEOBLOQUEAR:PR,US",LIBRE,,LIBRE,,LIBRE,,LIBRE,,LIBRE,,LIBRE,,REVISAR,,REVISAR,,LIBRE,,LIBRE,,LIBRE,,LIBRE,,LIBRE,,LIBRE,,LIBRE,,LIBRE,,LIBRE,,LIBRE,,LIBRE,,LIBRE,
772,Barraquera,José de la Cuadra,s. f.,1941,Dominio público,"GEOBLOQUEAR:MX,PR,US",LIBRE,,LIBRE,,PROTEGIDO,2042,LIBRE,,LIBRE,,LIBRE,,REVISAR,,REVISAR,,LIBRE,,LIBRE,,LIBRE,,LIBRE,,LIBRE,,LIBRE,,LIBRE,,LIBRE,,LIBRE,,LIBRE,,LIBRE,,LIBRE,
768,Cuentos y prosas dispersos,Arturo Ambrogi,s. f.,1936,Dominio público,"GEOBLOQUEAR:MX,PR,US",LIBRE,,LIBRE,,PROTEGIDO,2037,LIBRE,,LIBRE,,LIBRE,,REVISAR,,REVISAR,,LIBRE,,LIBRE,,LIBRE,,LIBRE,,LIBRE,,LIBRE,,LIBRE,,LIBRE,,LIBRE,,LIBRE,,LIBRE,,LIBRE,
774,El Montuvio Ecuatoriano,José de la Cuadra,s. f.,1941,Dominio público,"GEOBLOQUEAR:MX,PR,US",LIBRE,,LIBRE,,PROTEGIDO,2042,LIBRE,,LIBRE,,LIBRE,,REVISAR,,REVISAR,,LIBRE,,LIBRE,,LIBRE,,LIBRE,,LIBRE,,LIBRE,,LIBRE,,LIBRE,,LIBRE,,LIBRE,,LIBRE,,LIBRE,
775,La Linterna Mágica,Manuel A. Alonso,s. f.,1889,Dominio público,"GEOBLOQUEAR:PR,US",LIBRE,,LIBRE,,LIBRE,,LIBRE,,LIBRE,,LIBRE,,REVISAR,,REVISAR,,LIBRE,,LIBRE,,LIBRE,,LIBRE,,LIBRE,,LIBRE,,LIBRE,,LIBRE,,LIBRE,,LIBRE,,LIBRE,,LIBRE,
778,Aguafuertes Porteñas,Roberto Arlt,1933,1942,Dominio público,"GEOBLOQUEAR:MX,PR,US",LIBRE,,LIBRE,,PROTEGIDO,2043,LIBRE,,LIBRE,,LIBRE,,REVISAR,,REVISAR,,LIBRE,,LIBRE,,LIBRE,,LIBRE,,LIBRE,,LIBRE,,LIBRE,,LIBRE,,LIBRE,,LIBRE,,LIBRE,,LIBRE,
779,Los Siete Locos,Roberto Arlt,1929,1942,Dominio público,GEOBLOQUEAR:MX,LIBRE,,LIBRE,,PROTEGIDO,2043,LIBRE,,LIBRE,,LIBRE,,LIBRE,,LIBRE,,LIBRE,,LIBRE,,LIBRE,,LIBRE,,LIBRE,,LIBRE,,LIBRE,,LIBRE,,LIBRE,,LIBRE,,LIBRE,,LIBRE,
773,El Derecho al Amor,José de la Cuadra,s. f.,1941,Dominio público,"GEOBLOQUEAR:MX,PR,US",LIBRE,,LIBRE,,PROTEGIDO,2042,LIBRE,,LIBRE,,LIBRE,,REVISAR,,REVISAR,,LIBRE,,LIBRE,,LIBRE,,LIBRE,,LIBRE,,LIBRE,,LIBRE,,LIBRE,,LIBRE,,LIBRE,,LIBRE,,LIBRE,
777,Nuevas Aguafuertes,Roberto Arlt,s. f.,1942,Dominio público,"GEOBLOQUEAR:MX,PR,US",LIBRE,,LIBRE,,PROTEGIDO,2043,LIBRE,,LIBRE,,LIBRE,,REVISAR,,REVISAR,,LIBRE,,LIBRE,,LIBRE,,LIBRE,,LIBRE,,LIBRE,,LIBRE,,LIBRE,,LIBRE,,LIBRE,,LIBRE,,LIBRE,
780,Trescientos Millones,Roberto Arlt,1932,1942,Dominio público,"GEOBLOQUEAR:MX,PR,US",LIBRE,,LIBRE,,PROTEGIDO,2043,LIBRE,,LIBRE,,LIBRE,,REVISAR,,REVISAR,,LIBRE,,LIBRE,,LIBRE,,LIBRE,,LIBRE,,LIBRE,,LIBRE,,LIBRE,,LIBRE,,LIBRE,,LIBRE,,LIBRE,
781,Los Lanzallamas,Roberto Arlt,1931,1942,Dominio público,"GEOBLOQUEAR:MX,PR,US",LIBRE,,LIBRE,,PROTEGIDO,2043,LIBRE,,LIBRE,,LIBRE,,REVISAR,,REVISAR,,LIBRE,,LIBRE,,LIBRE,,LIBRE,,LIBRE,,LIBRE,,LIBRE,,LIBRE,,LIBRE,,LIBRE,,LIBRE,,LIBRE,
782,Saverio el Cruel,Roberto Arlt,s. f.,1942,Dominio público,"GEOBLOQUEAR:MX,PR,US",LIBRE,,LIBRE,,PROTEGIDO,2043,LIBRE,,LIBRE,,LIBRE,,REVISAR,,REVISAR,,LIBRE,,LIBRE,,LIBRE,,LIBRE,,LIBRE,,LIBRE,,LIBRE,,LIBRE,,LIBRE,,LIBRE,,LIBRE,,LIBRE,
783,El Amor Brujo,Roberto Arlt,1932,1942,Dominio público,"GEOBLOQUEAR:MX,PR,US",LIBRE,,LIBRE,,PROTEGIDO,2043,LIBRE,,LIBRE,,LIBRE,,REVISAR,,REVISAR,,LIBRE,,LIBRE,,LIBRE,,LIBRE,,LIBRE,,LIBRE,,LIBRE,,LIBRE,,LIBRE,,LIBRE,,LIBRE,,LIBRE,
786,Las Ciencias Ocultas en la Ciudad de Buenos Aires,Roberto Arlt,s. f.,1942,Dominio público,"GEOBLOQUEAR:MX,PR,US",LIBRE,,LIBRE,,PROTEGIDO,2043,LIBRE,,LIBRE,,LIBRE,,REVISAR,,REVISAR,,LIBRE,,LIBRE,,LIBRE,,LIBRE,,LIBRE,,LIBRE,,LIBRE,,LIBRE,,LIBRE,,LIBRE,,LIBRE,,LIBRE,
787,El Fabricante de Fantasmas,Roberto Arlt,s. f.,1942,Dominio público,"GEOBLOQUEAR:MX,PR,US",LIBRE,,LIBRE,,PROTEGIDO,2043,LIBRE,,LIBRE,,LIBRE,,REVISAR,,REVISAR,,LIBRE,,LIBRE,,LIBRE,,LIBRE,,LIBRE,,LIBRE,,LIBRE,,LIBRE,,LIBRE,,LIBRE,,LIBRE,,LIBRE,
784,Aguafuertes Gallegas,Roberto Arlt,s. f.,1942,Dominio público,"GEOBLOQUEAR:MX,PR,US",LIBRE,,LIBRE,,PROTEGIDO,2043,LIBRE,,LIBRE,,LIBRE,,REVISAR,,REVISAR,,LIBRE,,LIBRE,,LIBRE,,LIBRE,,LIBRE,,LIBRE,,LIBRE,,LIBRE,,LIBRE,,LIBRE,,LIBRE,,LIBRE,
785,Viaje Terrible,Roberto Arlt,s. f.,1942,Dominio público,"GEOBLOQUEAR:MX,PR,US",LIBRE,,LIBRE,,PROTEGIDO,2043,LIBRE,,LIBRE,,LIBRE,,REVISAR,,REVISAR,,LIBRE,,LIBRE,,LIBRE,,LIBRE,,LIBRE,,LIBRE,,LIBRE,,LIBRE,,LIBRE,,LIBRE,,LIBRE,,LIBRE,
788,Aguafuertes Vascas,Roberto Arlt,s. f.,1942,Dominio público,"GEOBLOQUEAR:MX,PR,US",LIBRE,,LIBRE,,PROTEGIDO,2043,LIBRE,,LIBRE,,LIBRE,,REVISAR,,REVISAR,,LIBRE,,LIBRE,,LIBRE,,LIBRE,,LIBRE,,LIBRE,,LIBRE,,LIBRE,,LIBRE,,LIBRE,,LIBRE,,LIBRE,
790,El Juguete Rabioso,Roberto Arlt,1926,1942,Dominio público,GEOBLOQUEAR:MX,LIBRE,,LIBRE,,PROTEGIDO,2043,LIBRE,,LIBRE,,LIBRE,,LIBRE,,LIBRE,,LIBRE,,LIBRE,,LIBRE,,LIBRE,,LIBRE,,LIBRE,,LIBRE,,LIBRE,,LIBRE,,LIBRE,,LIBRE,,LIBRE,
789,Prueba de Amor,Roberto Arlt,s. f.,1942,Dominio público,"GEOBLOQUEAR:MX,PR,US",LIBRE,,LIBRE,,PROTEGIDO,2043,LIBRE,,LIBRE,,LIBRE,,REVISAR,,REVISAR,,LIBRE,,LIBRE,,LIBRE,,LIBRE,,LIBRE,,LIBRE,,LIBRE,,LIBRE,,LIBRE,,LIBRE,,LIBRE,,LIBRE,
791,Cuentos de Fray Mocho,José Seferino Álvarez «Fray Mocho»,s. f.,1903,Dominio público,"GEOBLOQUEAR:PR,US",LIBRE,,LIBRE,,LIBRE,,LIBRE,,LIBRE,,LIBRE,,REVISAR,,REVISAR,,LIBRE,,LIBRE,,LIBRE,,LIBRE,,LIBRE,,LIBRE,,LIBRE,,LIBRE,,LIBRE,,LIBRE,,LIBRE,,LIBRE,
793,Esmeraldas,José Seferino Álvarez «Fray Mocho»,1921,1903,Dominio público,PUBLICAR,LIBRE,,LIBRE,,LIBRE,,LIBRE,,LIBRE,,LIBRE,,LIBRE,,LIBRE,,LIBRE,,LIBRE,,LIBRE,,LIBRE,,LIBRE,,LIBRE,,LIBRE,,LIBRE,,LIBRE,,LIBRE,,LIBRE,,LIBRE,
792,Memorias de un Vigilante,José Seferino Álvarez «Fray Mocho»,s. f.,1903,Dominio público,"GEOBLOQUEAR:PR,US",LIBRE,,LIBRE,,LIBRE,,LIBRE,,LIBRE,,LIBRE,,REVISAR,,REVISAR,,LIBRE,,LIBRE,,LIBRE,,LIBRE,,LIBRE,,LIBRE,,LIBRE,,LIBRE,,LIBRE,,LIBRE,,LIBRE,,LIBRE,
794,Lucía Miranda,Rosa Guerra,1860,1864,Dominio público,PUBLICAR,LIBRE,,LIBRE,,LIBRE,,LIBRE,,LIBRE,,LIBRE,,LIBRE,,LIBRE,,LIBRE,,LIBRE,,LIBRE,,LIBRE,,LIBRE,,LIBRE,,LIBRE,,LIBRE,,LIBRE,,LIBRE,,LIBRE,,LIBRE,
795,Viaje a la Isla de Mallorca en el Estío de 1845,Juan Cortada,s. f.,1868,Dominio público,"GEOBLOQUEAR:PR,US",LIBRE,,LIBRE,,LIBRE,,LIBRE,,LIBRE,,LIBRE,,REVISAR,,REVISAR,,LIBRE,,LIBRE,,LIBRE,,LIBRE,,LIBRE,,LIBRE,,LIBRE,,LIBRE,,LIBRE,,LIBRE,,LIBRE,,LIBRE,
796,Vida Loca,Domingo Arena,s. f.,1939,Dominio público,"GEOBLOQUEAR:MX,PR,US",LIBRE,,LIBRE,,PROTEGIDO,2040,LIBRE,,LIBRE,,LIBRE,,REVISAR,,REVISAR,,LIBRE,,LIBRE,,LIBRE,,LIBRE,,LIBRE,,LIBRE,,LIBRE,,LIBRE,,LIBRE,,LIBRE,,LIBRE,,LIBRE,
798,Cuentos para los Hombres que son Todavía Niños,Teresa Wilms Montt,s. f.,1921,Dominio público,"GEOBLOQUEAR:PR,US",LIBRE,,LIBRE,,LIBRE,,LIBRE,,LIBRE,,LIBRE,,REVISAR,,REVISAR,,LIBRE,,LIBRE,,LIBRE,,LIBRE,,LIBRE,,LIBRE,,LIBRE,,LIBRE,,LIBRE,,LIBRE,,LIBRE,,LIBRE,
797,Inquietudes Sentimentales,Teresa Wilms Montt,1917,1921,Dominio público,PUBLICAR,LIBRE,,LIBRE,,LIBRE,,LIBRE,,LIBRE,,LIBRE,,LIBRE,,LIBRE,,LIBRE,,LIBRE,,LIBRE,,LIBRE,,LIBRE,,LIBRE,,LIBRE,,LIBRE,,LIBRE,,LIBRE,,LIBRE,,LIBRE,
799,Calvario y Tabor,Vicente Riva Palacio,1868,1896,Dominio público,PUBLICAR,LIBRE,,LIBRE,,LIBRE,,LIBRE,,LIBRE,,LIBRE,,LIBRE,,LIBRE,,LIBRE,,LIBRE,,LIBRE,,LIBRE,,LIBRE,,LIBRE,,LIBRE,,LIBRE,,LIBRE,,LIBRE,,LIBRE,,LIBRE,
807,Los Ceros,Vicente Riva Palacio,s. f.,1896,Dominio público,"GEOBLOQUEAR:PR,US",LIBRE,,LIBRE,,LIBRE,,LIBRE,,LIBRE,,LIBRE,,REVISAR,,REVISAR,,LIBRE,,LIBRE,,LIBRE,,LIBRE,,LIBRE,,LIBRE,,LIBRE,,LIBRE,,LIBRE,,LIBRE,,LIBRE,,LIBRE,
806,Los Cuentos del General,Vicente Riva Palacio,1896,1896,Dominio público,PUBLICAR,LIBRE,,LIBRE,,LIBRE,,LIBRE,,LIBRE,,LIBRE,,LIBRE,,LIBRE,,LIBRE,,LIBRE,,LIBRE,,LIBRE,,LIBRE,,LIBRE,,LIBRE,,LIBRE,,LIBRE,,LIBRE,,LIBRE,,LIBRE,
800,Las Dos Emparedadas,Vicente Riva Palacio,s. f.,1896,Dominio público,"GEOBLOQUEAR:PR,US",LIBRE,,LIBRE,,LIBRE,,LIBRE,,LIBRE,,LIBRE,,REVISAR,,REVISAR,,LIBRE,,LIBRE,,LIBRE,,LIBRE,,LIBRE,,LIBRE,,LIBRE,,LIBRE,,LIBRE,,LIBRE,,LIBRE,,LIBRE,
803,Martín Garatuza,Vicente Riva Palacio,1868,1896,Dominio público,PUBLICAR,LIBRE,,LIBRE,,LIBRE,,LIBRE,,LIBRE,,LIBRE,,LIBRE,,LIBRE,,LIBRE,,LIBRE,,LIBRE,,LIBRE,,LIBRE,,LIBRE,,LIBRE,,LIBRE,,LIBRE,,LIBRE,,LIBRE,,LIBRE,
804,Memorias de un Impostor,Vicente Riva Palacio,s. f.,1896,Dominio público,"GEOBLOQUEAR:PR,US",LIBRE,,LIBRE,,LIBRE,,LIBRE,,LIBRE,,LIBRE,,REVISAR,,REVISAR,,LIBRE,,LIBRE,,LIBRE,,LIBRE,,LIBRE,,LIBRE,,LIBRE,,LIBRE,,LIBRE,,LIBRE,,LIBRE,,LIBRE,
801,"Monja y Casada, Virgen y Mártir",Vicente Riva Palacio,1868,1896,Dominio público,PUBLICAR,LIBRE,,LIBRE,,LIBRE,,LIBRE,,LIBRE,,LIBRE,,LIBRE,,LIBRE,,LIBRE,,LIBRE,,LIBRE,,LIBRE,,LIBRE,,LIBRE,,LIBRE,,LIBRE,,LIBRE,,LIBRE,,LIBRE,,LIBRE,
802,Los Piratas del Golfo,Vicente Riva Palacio,1869,1896,Dominio público,PUBLICAR,LIBRE,,LIBRE,,LIBRE,,LIBRE,,LIBRE,,LIBRE,,LIBRE,,LIBRE,,LIBRE,,LIBRE,,LIBRE,,LIBRE,,LIBRE,,LIBRE,,LIBRE,,LIBRE,,LIBRE,,LIBRE,,LIBRE,,LIBRE,
805,La Vuelta de los Muertos,Vicente Riva Palacio,1870,1896,Dominio público,PUBLICAR,LIBRE,,LIBRE,,LIBRE,,LIBRE,,LIBRE,,LIBRE,,LIBRE,,LIBRE,,LIBRE,,LIBRE,,LIBRE,,LIBRE,,LIBRE,,LIBRE,,LIBRE,,LIBRE,,LIBRE,,LIBRE,,LIBRE,,LIBRE,
814,Adolfo,Rafael Delgado,s. f.,1914,Dominio público,"GEOBLOQUEAR:PR,US",LIBRE,,LIBRE,,LIBRE,,LIBRE,,LIBRE,,LIBRE,,REVISAR,,REVISAR,,LIBRE,,LIBRE,,LIBRE,,LIBRE,,LIBRE,,LIBRE,,LIBRE,,LIBRE,,LIBRE,,LIBRE,,LIBRE,,LIBRE,
810,Angelina,Rafael Delgado,1893,1914,Dominio público,PUBLICAR,LIBRE,,LIBRE,,LIBRE,,LIBRE,,LIBRE,,LIBRE,,LIBRE,,LIBRE,,LIBRE,,LIBRE,,LIBRE,,LIBRE,,LIBRE,,LIBRE,,LIBRE,,LIBRE,,LIBRE,,LIBRE,,LIBRE,,LIBRE,
815,El Asesinato de Palma-Sola,Rafael Delgado,s. f.,1914,Dominio público,"GEOBLOQUEAR:PR,US",LIBRE,,LIBRE,,LIBRE,,LIBRE,,LIBRE,,LIBRE,,REVISAR,,REVISAR,,LIBRE,,LIBRE,,LIBRE,,LIBRE,,LIBRE,,LIBRE,,LIBRE,,LIBRE,,LIBRE,,LIBRE,,LIBRE,,LIBRE,
811,La Calandria,Rafael Delgado,1890,1914,Dominio público,PUBLICAR,LIBRE,,LIBRE,,LIBRE,,LIBRE,,LIBRE,,LIBRE,,LIBRE,,LIBRE,,LIBRE,,LIBRE,,LIBRE,,LIBRE,,LIBRE,,LIBRE,,LIBRE,,LIBRE,,LIBRE,,LIBRE,,LIBRE,,LIBRE,
816,La Chachalaca,Rafael Delgado,s. f.,1914,Dominio público,"GEOBLOQUEAR:PR,US",LIBRE,,LIBRE,,LIBRE,,LIBRE,,LIBRE,,LIBRE,,REVISAR,,REVISAR,,LIBRE,,LIBRE,,LIBRE,,LIBRE,,LIBRE,,LIBRE,,LIBRE,,LIBRE,,LIBRE,,LIBRE,,LIBRE,,LIBRE,
809,Cuentos y Notas,Rafael Delgado,s. f.,1914,Dominio público,"GEOBLOQUEAR:PR,US",LIBRE,,LIBRE,,LIBRE,,LIBRE,,LIBRE,,LIBRE,,REVISAR,,REVISAR,,LIBRE,,LIBRE,,LIBRE,,LIBRE,,LIBRE,,LIBRE,,LIBRE,,LIBRE,,LIBRE,,LIBRE,,LIBRE,,LIBRE,
812,El Desertor,Rafael Delgado,s. f.,1914,Dominio público,"GEOBLOQUEAR:PR,US",LIBRE,,LIBRE,,LIBRE,,LIBRE,,LIBRE,,LIBRE,,REVISAR,,REVISAR,,LIBRE,,LIBRE,,LIBRE,,LIBRE,,LIBRE,,LIBRE,,LIBRE,,LIBRE,,LIBRE,,LIBRE,,LIBRE,,LIBRE,
813,La Misa de Madrugada,Rafael Delgado,s. f.,1914,Dominio público,"GEOBLOQUEAR:PR,US",LIBRE,,LIBRE,,LIBRE,,LIBRE,,LIBRE,,LIBRE,,REVISAR,,REVISAR,,LIBRE,,LIBRE,,LIBRE,,LIBRE,,LIBRE,,LIBRE,,LIBRE,,LIBRE,,LIBRE,,LIBRE,,LIBRE,,LIBRE,
817,Mi Única Mentira,Rafael Delgado,s. f.,1914,Dominio público,"GEOBLOQUEAR:PR,US",LIBRE,,LIBRE,,LIBRE,,LIBRE,,LIBRE,,LIBRE,,REVISAR,,REVISAR,,LIBRE,,LIBRE,,LIBRE,,LIBRE,,LIBRE,,LIBRE,,LIBRE,,LIBRE,,LIBRE,,LIBRE,,LIBRE,,LIBRE,
808,Los Parientes Ricos,Rafael Delgado,1903,1914,Dominio público,PUBLICAR,LIBRE,,LIBRE,,LIBRE,,LIBRE,,LIBRE,,LIBRE,,LIBRE,,LIBRE,,LIBRE,,LIBRE,,LIBRE,,LIBRE,,LIBRE,,LIBRE,,LIBRE,,LIBRE,,LIBRE,,LIBRE,,LIBRE,,LIBRE,
818,¡¡¡To... rooo!!!,Rafael Delgado,s. f.,1914,Dominio público,"GEOBLOQUEAR:PR,US",LIBRE,,LIBRE,,LIBRE,,LIBRE,,LIBRE,,LIBRE,,REVISAR,,REVISAR,,LIBRE,,LIBRE,,LIBRE,,LIBRE,,LIBRE,,LIBRE,,LIBRE,,LIBRE,,LIBRE,,LIBRE,,LIBRE,,LIBRE,
819,Cuadro,Xavier Villaurrutia,s. f.,1950,Dominio público,"GEOBLOQUEAR:CO,ES,MX,PR,US",PROTEGIDO,2031,LIBRE,,PROTEGIDO,2051,LIBRE,,LIBRE,,LIBRE,,REVISAR,,REVISAR,,PROTEGIDO,2031,LIBRE,,LIBRE,,LIBRE,,LIBRE,,LIBRE,,LIBRE,,LIBRE,,LIBRE,,LIBRE,,LIBRE,,LIBRE,
820,Historia de la Compañía de Jesús en Nueva España,Francisco Javier Alegre,s. f.,1788,Dominio público,"GEOBLOQUEAR:PR,US",LIBRE,,LIBRE,,LIBRE,,LIBRE,,LIBRE,,LIBRE,,REVISAR,,REVISAR,,LIBRE,,LIBRE,,LIBRE,,LIBRE,,LIBRE,,LIBRE,,LIBRE,,LIBRE,,LIBRE,,LIBRE,,LIBRE,,LIBRE,
822,Comedia inmortal,Pablo Palacio,s. f.,1947,Dominio público,"GEOBLOQUEAR:MX,PR,US",LIBRE,,LIBRE,,PROTEGIDO,2048,LIBRE,,LIBRE,,LIBRE,,REVISAR,,REVISAR,,LIBRE,,LIBRE,,LIBRE,,LIBRE,,LIBRE,,LIBRE,,LIBRE,,LIBRE,,LIBRE,,LIBRE,,LIBRE,,LIBRE,
823,Débora,Pablo Palacio,1927,1947,Dominio público,GEOBLOQUEAR:MX,LIBRE,,LIBRE,,PROTEGIDO,2048,LIBRE,,LIBRE,,LIBRE,,LIBRE,,LIBRE,,LIBRE,,LIBRE,,LIBRE,,LIBRE,,LIBRE,,LIBRE,,LIBRE,,LIBRE,,LIBRE,,LIBRE,,LIBRE,,LIBRE,
827,Cuentos y prosas dispersos,Pablo Palacio,s. f.,1947,Dominio público,"GEOBLOQUEAR:MX,PR,US",LIBRE,,LIBRE,,PROTEGIDO,2048,LIBRE,,LIBRE,,LIBRE,,REVISAR,,REVISAR,,LIBRE,,LIBRE,,LIBRE,,LIBRE,,LIBRE,,LIBRE,,LIBRE,,LIBRE,,LIBRE,,LIBRE,,LIBRE,,LIBRE,
826,Gente de Provincias,Pablo Palacio,s. f.,1947,Dominio público,"GEOBLOQUEAR:MX,PR,US",LIBRE,,LIBRE,,PROTEGIDO,2048,LIBRE,,LIBRE,,LIBRE,,REVISAR,,REVISAR,,LIBRE,,LIBRE,,LIBRE,,LIBRE,,LIBRE,,LIBRE,,LIBRE,,LIBRE,,LIBRE,,LIBRE,,LIBRE,,LIBRE,
824,Un Hombre Muerto a Puntapiés (cuentos),Pablo Palacio,1927,1947,Dominio público,GEOBLOQUEAR:MX,LIBRE,,LIBRE,,PROTEGIDO,2048,LIBRE,,LIBRE,,LIBRE,,LIBRE,,LIBRE,,LIBRE,,LIBRE,,LIBRE,,LIBRE,,LIBRE,,LIBRE,,LIBRE,,LIBRE,,LIBRE,,LIBRE,,LIBRE,,LIBRE,
825,Rosita Elguero,Pablo Palacio,s. f.,1947,Dominio público,"GEOBLOQUEAR:MX,PR,US",LIBRE,,LIBRE,,PROTEGIDO,2048,LIBRE,,LIBRE,,LIBRE,,REVISAR,,REVISAR,,LIBRE,,LIBRE,,LIBRE,,LIBRE,,LIBRE,,LIBRE,,LIBRE,,LIBRE,,LIBRE,,LIBRE,,LIBRE,,LIBRE,
821,Vida del Ahorcado,Pablo Palacio,1932,1947,Dominio público,"GEOBLOQUEAR:MX,PR,US",LIBRE,,LIBRE,,PROTEGIDO,2048,LIBRE,,LIBRE,,LIBRE,,REVISAR,,REVISAR,,LIBRE,,LIBRE,,LIBRE,,LIBRE,,LIBRE,,LIBRE,,LIBRE,,LIBRE,,LIBRE,,LIBRE,,LIBRE,,LIBRE,
828,Cuentos de Poeta,Rufino Blanco Fombona,s. f.,1944,Dominio público,"GEOBLOQUEAR:MX,PR,US",LIBRE,,LIBRE,,PROTEGIDO,2045,LIBRE,,LIBRE,,LIBRE,,REVISAR,,REVISAR,,LIBRE,,LIBRE,,LIBRE,,LIBRE,,LIBRE,,LIBRE,,LIBRE,,LIBRE,,LIBRE,,LIBRE,,LIBRE,,LIBRE,
830,Gotas de Sangre: Crímenes y Criminales,Luis Bonafoux Quintero,s. f.,1918,Dominio público,"GEOBLOQUEAR:PR,US",LIBRE,,LIBRE,,LIBRE,,LIBRE,,LIBRE,,LIBRE,,REVISAR,,REVISAR,,LIBRE,,LIBRE,,LIBRE,,LIBRE,,LIBRE,,LIBRE,,LIBRE,,LIBRE,,LIBRE,,LIBRE,,LIBRE,,LIBRE,
829,Huellas Literarias,Luis Bonafoux Quintero,s. f.,1918,Dominio público,"GEOBLOQUEAR:PR,US",LIBRE,,LIBRE,,LIBRE,,LIBRE,,LIBRE,,LIBRE,,REVISAR,,REVISAR,,LIBRE,,LIBRE,,LIBRE,,LIBRE,,LIBRE,,LIBRE,,LIBRE,,LIBRE,,LIBRE,,LIBRE,,LIBRE,,LIBRE,
831,La Argentina y la Conquista del Río de la Plata,Martín del Barco Centenera,1602,,Dominio público,PUBLICAR,LIBRE,,LIBRE,,LIBRE,,LIBRE,,LIBRE,,LIBRE,,LIBRE,,LIBRE,,LIBRE,,LIBRE,,LIBRE,,LIBRE,,LIBRE,,LIBRE,,LIBRE,,LIBRE,,LIBRE,,LIBRE,,LIBRE,,LIBRE,
835,De la lucha,José Alonso y Trelles,s. f.,1924,Dominio público,"GEOBLOQUEAR:PR,US",LIBRE,,LIBRE,,LIBRE,,LIBRE,,LIBRE,,LIBRE,,REVISAR,,REVISAR,,LIBRE,,LIBRE,,LIBRE,,LIBRE,,LIBRE,,LIBRE,,LIBRE,,LIBRE,,LIBRE,,LIBRE,,LIBRE,,LIBRE,
836,Amor de Niño,Luis Benjamín Cisneros,s. f.,1904,Dominio público,"GEOBLOQUEAR:PR,US",LIBRE,,LIBRE,,LIBRE,,LIBRE,,LIBRE,,LIBRE,,REVISAR,,REVISAR,,LIBRE,,LIBRE,,LIBRE,,LIBRE,,LIBRE,,LIBRE,,LIBRE,,LIBRE,,LIBRE,,LIBRE,,LIBRE,,LIBRE,
834,Primitivo,Carlos Reyles,s. f.,1938,Dominio público,"GEOBLOQUEAR:MX,PR,US",LIBRE,,LIBRE,,PROTEGIDO,2039,LIBRE,,LIBRE,,LIBRE,,REVISAR,,REVISAR,,LIBRE,,LIBRE,,LIBRE,,LIBRE,,LIBRE,,LIBRE,,LIBRE,,LIBRE,,LIBRE,,LIBRE,,LIBRE,,LIBRE,
832,La Caravana Pasa,Rubén Darío,1902,1916,Dominio público,PUBLICAR,LIBRE,,LIBRE,,LIBRE,,LIBRE,,LIBRE,,LIBRE,,LIBRE,,LIBRE,,LIBRE,,LIBRE,,LIBRE,,LIBRE,,LIBRE,,LIBRE,,LIBRE,,LIBRE,,LIBRE,,LIBRE,,LIBRE,,LIBRE,
833,Tierras Solares,Rubén Darío,1904,1916,Dominio público,PUBLICAR,LIBRE,,LIBRE,,LIBRE,,LIBRE,,LIBRE,,LIBRE,,LIBRE,,LIBRE,,LIBRE,,LIBRE,,LIBRE,,LIBRE,,LIBRE,,LIBRE,,LIBRE,,LIBRE,,LIBRE,,LIBRE,,LIBRE,,LIBRE,
838,Azul Pálido,Manuel Díaz Rodríguez,s. f.,1927,Dominio público,"GEOBLOQUEAR:MX,PR,US",LIBRE,,LIBRE,,PROTEGIDO,2028,LIBRE,,LIBRE,,LIBRE,,REVISAR,,REVISAR,,LIBRE,,LIBRE,,LIBRE,,LIBRE,,LIBRE,,LIBRE,,LIBRE,,LIBRE,,LIBRE,,LIBRE,,LIBRE,,LIBRE,
839,Las Ovejas y las Rosas del Padre Serafín,Manuel Díaz Rodríguez,s. f.,1927,Dominio público,"GEOBLOQUEAR:MX,PR,US",LIBRE,,LIBRE,,PROTEGIDO,2028,LIBRE,,LIBRE,,LIBRE,,REVISAR,,REVISAR,,LIBRE,,LIBRE,,LIBRE,,LIBRE,,LIBRE,,LIBRE,,LIBRE,,LIBRE,,LIBRE,,LIBRE,,LIBRE,,LIBRE,
848,Capirotazos,Emilio Bobadilla,s. f.,1921,Dominio público,"GEOBLOQUEAR:PR,US",LIBRE,,LIBRE,,LIBRE,,LIBRE,,LIBRE,,LIBRE,,REVISAR,,REVISAR,,LIBRE,,LIBRE,,LIBRE,,LIBRE,,LIBRE,,LIBRE,,LIBRE,,LIBRE,,LIBRE,,LIBRE,,LIBRE,,LIBRE,
849,A Fuego Lento,Emilio Bobadilla,s. f.,1921,Dominio público,"GEOBLOQUEAR:PR,US",LIBRE,,LIBRE,,LIBRE,,LIBRE,,LIBRE,,LIBRE,,REVISAR,,REVISAR,,LIBRE,,LIBRE,,LIBRE,,LIBRE,,LIBRE,,LIBRE,,LIBRE,,LIBRE,,LIBRE,,LIBRE,,LIBRE,,LIBRE,
852,La Fuga,Emilio Bobadilla,s. f.,1921,Dominio público,"GEOBLOQUEAR:PR,US",LIBRE,,LIBRE,,LIBRE,,LIBRE,,LIBRE,,LIBRE,,REVISAR,,REVISAR,,LIBRE,,LIBRE,,LIBRE,,LIBRE,,LIBRE,,LIBRE,,LIBRE,,LIBRE,,LIBRE,,LIBRE,,LIBRE,,LIBRE,
853,Las Larvas,Emilio Bobadilla,s. f.,1921,Dominio público,"GEOBLOQUEAR:PR,US",LIBRE,,LIBRE,,LIBRE,,LIBRE,,LIBRE,,LIBRE,,REVISAR,,REVISAR,,LIBRE,,LIBRE,,LIBRE,,LIBRE,,LIBRE,,LIBRE,,LIBRE,,LIBRE,,LIBRE,,LIBRE,,LIBRE,,LIBRE,
850,En la Noche Dormida,Emilio Bobadilla,s. f.,1921,Dominio público,"GEOBLOQUEAR:PR,US",LIBRE,,LIBRE,,LIBRE,,LIBRE,,LIBRE,,LIBRE,,REVISAR,,REVISAR,,LIBRE,,LIBRE,,LIBRE,,LIBRE,,LIBRE,,LIBRE,,LIBRE,,LIBRE,,LIBRE,,LIBRE,,LIBRE,,LIBRE,
851,Novelas en Germen,Emilio Bobadilla,s. f.,1921,Dominio público,"GEOBLOQUEAR:PR,US",LIBRE,,LIBRE,,LIBRE,,LIBRE,,LIBRE,,LIBRE,,REVISAR,,REVISAR,,LIBRE,,LIBRE,,LIBRE,,LIBRE,,LIBRE,,LIBRE,,LIBRE,,LIBRE,,LIBRE,,LIBRE,,LIBRE,,LIBRE,
837,El Clis de Sol,Manuel González Zeledón,s. f.,1936,Dominio público,"GEOBLOQUEAR:MX,PR,US",LIBRE,,LIBRE,,PROTEGIDO,2037,LIBRE,,LIBRE,,LIBRE,,REVISAR,,REVISAR,,LIBRE,,LIBRE,,LIBRE,,LIBRE,,LIBRE,,LIBRE,,LIBRE,,LIBRE,,LIBRE,,LIBRE,,LIBRE,,LIBRE,
844,El Amor que Dormía,José de la Cuadra,s. f.,1941,Dominio público,"GEOBLOQUEAR:MX,PR,US",LIBRE,,LIBRE,,PROTEGIDO,2042,LIBRE,,LIBRE,,LIBRE,,REVISAR,,REVISAR,,LIBRE,,LIBRE,,LIBRE,,LIBRE,,LIBRE,,LIBRE,,LIBRE,,LIBRE,,LIBRE,,LIBRE,,LIBRE,,LIBRE,
845,Calor de Yunca,José de la Cuadra,s. f.,1941,Dominio público,"GEOBLOQUEAR:MX,PR,US",LIBRE,,LIBRE,,PROTEGIDO,2042,LIBRE,,LIBRE,,LIBRE,,REVISAR,,REVISAR,,LIBRE,,LIBRE,,LIBRE,,LIBRE,,LIBRE,,LIBRE,,LIBRE,,LIBRE,,LIBRE,,LIBRE,,LIBRE,,LIBRE,
840,Incomprensión,José de la Cuadra,s. f.,1941,Dominio público,"GEOBLOQUEAR:MX,PR,US",LIBRE,,LIBRE,,PROTEGIDO,2042,LIBRE,,LIBRE,,LIBRE,,REVISAR,,REVISAR,,LIBRE,,LIBRE,,LIBRE,,LIBRE,,LIBRE,,LIBRE,,LIBRE,,LIBRE,,LIBRE,,LIBRE,,LIBRE,,LIBRE,
843,"Maruja: Rosa, Fruta, Canción...",José de la Cuadra,s. f.,1941,Dominio público,"GEOBLOQUEAR:MX,PR,US",LIBRE,,LIBRE,,PROTEGIDO,2042,LIBRE,,LIBRE,,LIBRE,,REVISAR,,REVISAR,,LIBRE,,LIBRE,,LIBRE,,LIBRE,,LIBRE,,LIBRE,,LIBRE,,LIBRE,,LIBRE,,LIBRE,,LIBRE,,LIBRE,
846,Olga Catalina,José de la Cuadra,s. f.,1941,Dominio público,"GEOBLOQUEAR:MX,PR,US",LIBRE,,LIBRE,,PROTEGIDO,2042,LIBRE,,LIBRE,,LIBRE,,REVISAR,,REVISAR,,LIBRE,,LIBRE,,LIBRE,,LIBRE,,LIBRE,,LIBRE,,LIBRE,,LIBRE,,LIBRE,,LIBRE,,LIBRE,,LIBRE,
841,El Sacristán,José de la Cuadra,s. f.,1941,Dominio público,"GEOBLOQUEAR:MX,PR,US",LIBRE,,LIBRE,,PROTEGIDO,2042,LIBRE,,LIBRE,,LIBRE,,REVISAR,,REVISAR,,LIBRE,,LIBRE,,LIBRE,,LIBRE,,LIBRE,,LIBRE,,LIBRE,,LIBRE,,LIBRE,,LIBRE,,LIBRE,,LIBRE,
847,Sangre Expiatoria,José de la Cuadra,s. f.,1941,Dominio público,"GEOBLOQUEAR:MX,PR,US",LIBRE,,LIBRE,,PROTEGIDO,2042,LIBRE,,LIBRE,,LIBRE,,REVISAR,,REVISAR,,LIBRE,,LIBRE,,LIBRE,,LIBRE,,LIBRE,,LIBRE,,LIBRE,,LIBRE,,LIBRE,,LIBRE,,LIBRE,,LIBRE,
842,Perico Paciencia,Manuel A. Alonso,s. f.,1889,Dominio público,"GEOBLOQUEAR:PR,US",LIBRE,,LIBRE,,LIBRE,,LIBRE,,LIBRE,,LIBRE,,REVISAR,,REVISAR,,LIBRE,,LIBRE,,LIBRE,,LIBRE,,LIBRE,,LIBRE,,LIBRE,,LIBRE,,LIBRE,,LIBRE,,LIBRE,,LIBRE,
903,Corona Patriótica,Ricardo Palma,1853,1919,Dominio público,PUBLICAR,LIBRE,,LIBRE,,LIBRE,,LIBRE,,LIBRE,,LIBRE,,LIBRE,,LIBRE,,LIBRE,,LIBRE,,LIBRE,,LIBRE,,LIBRE,,LIBRE,,LIBRE,,LIBRE,,LIBRE,,LIBRE,,LIBRE,,LIBRE,
908,Una Excomunión Famosa,Ricardo Palma,s. f.,1919,Dominio público,"GEOBLOQUEAR:PR,US",LIBRE,,LIBRE,,LIBRE,,LIBRE,,LIBRE,,LIBRE,,REVISAR,,REVISAR,,LIBRE,,LIBRE,,LIBRE,,LIBRE,,LIBRE,,LIBRE,,LIBRE,,LIBRE,,LIBRE,,LIBRE,,LIBRE,,LIBRE,
905,El Fraile y la Monja del Callao,Ricardo Palma,s. f.,1919,Dominio público,"GEOBLOQUEAR:PR,US",LIBRE,,LIBRE,,LIBRE,,LIBRE,,LIBRE,,LIBRE,,REVISAR,,REVISAR,,LIBRE,,LIBRE,,LIBRE,,LIBRE,,LIBRE,,LIBRE,,LIBRE,,LIBRE,,LIBRE,,LIBRE,,LIBRE,,LIBRE,
904,La Gatita de Mari-Ramos que Halaga con la Cola y Araña con las Manos,Ricardo Palma,s. f.,1919,Dominio público,"GEOBLOQUEAR:PR,US",LIBRE,,LIBRE,,LIBRE,,LIBRE,,LIBRE,,LIBRE,,REVISAR,,REVISAR,,LIBRE,,LIBRE,,LIBRE,,LIBRE,,LIBRE,,LIBRE,,LIBRE,,LIBRE,,LIBRE,,LIBRE,,LIBRE,,LIBRE,
900,Las Mejores Tradiciones Peruanas,Ricardo Palma,s. f.,1919,Dominio público,"GEOBLOQUEAR:PR,US",LIBRE,,LIBRE,,LIBRE,,LIBRE,,LIBRE,,LIBRE,,REVISAR,,REVISAR,,LIBRE,,LIBRE,,LIBRE,,LIBRE,,LIBRE,,LIBRE,,LIBRE,,LIBRE,,LIBRE,,LIBRE,,LIBRE,,LIBRE,
907,Nadie se Muere Hasta que Dios Quiere,Ricardo Palma,s. f.,1919,Dominio público,"GEOBLOQUEAR:PR,US",LIBRE,,LIBRE,,LIBRE,,LIBRE,,LIBRE,,LIBRE,,REVISAR,,REVISAR,,LIBRE,,LIBRE,,LIBRE,,LIBRE,,LIBRE,,LIBRE,,LIBRE,,LIBRE,,LIBRE,,LIBRE,,LIBRE,,LIBRE,
906,El Rey del Monte,Ricardo Palma,s. f.,1919,Dominio público,"GEOBLOQUEAR:PR,US",LIBRE,,LIBRE,,LIBRE,,LIBRE,,LIBRE,,LIBRE,,REVISAR,,REVISAR,,LIBRE,,LIBRE,,LIBRE,,LIBRE,,LIBRE,,LIBRE,,LIBRE,,LIBRE,,LIBRE,,LIBRE,,LIBRE,,LIBRE,
901,Tradiciones Peruanas,Ricardo Palma,1872,1919,Dominio público,PUBLICAR,LIBRE,,LIBRE,,LIBRE,,LIBRE,,LIBRE,,LIBRE,,LIBRE,,LIBRE,,LIBRE,,LIBRE,,LIBRE,,LIBRE,,LIBRE,,LIBRE,,LIBRE,,LIBRE,,LIBRE,,LIBRE,,LIBRE,,LIBRE,
902,Tradiciones en Salsa Verde,Ricardo Palma,1901,1919,Dominio público,PUBLICAR,LIBRE,,LIBRE,,LIBRE,,LIBRE,,LIBRE,,LIBRE,,LIBRE,,LIBRE,,LIBRE,,LIBRE,,LIBRE,,LIBRE,,LIBRE,,LIBRE,,LIBRE,,LIBRE,,LIBRE,,LIBRE,,LIBRE,,LIBRE,
910,El Artista Barquero,Gertrudis Gómez de Avellaneda,1861,1873,Dominio público,PUBLICAR,LIBRE,,LIBRE,,LIBRE,,LIBRE,,LIBRE,,LIBRE,,LIBRE,,LIBRE,,LIBRE,,LIBRE,,LIBRE,,LIBRE,,LIBRE,,LIBRE,,LIBRE,,LIBRE,,LIBRE,,LIBRE,,LIBRE,,LIBRE,
912,Dolores,Gertrudis Gómez de Avellaneda,1851,1873,Dominio público,PUBLICAR,LIBRE,,LIBRE,,LIBRE,,LIBRE,,LIBRE,,LIBRE,,LIBRE,,LIBRE,,LIBRE,,LIBRE,,LIBRE,,LIBRE,,LIBRE,,LIBRE,,LIBRE,,LIBRE,,LIBRE,,LIBRE,,LIBRE,,LIBRE,
911,Espatolino,Gertrudis Gómez de Avellaneda,1844,1873,Dominio público,PUBLICAR,LIBRE,,LIBRE,,LIBRE,,LIBRE,,LIBRE,,LIBRE,,LIBRE,,LIBRE,,LIBRE,,LIBRE,,LIBRE,,LIBRE,,LIBRE,,LIBRE,,LIBRE,,LIBRE,,LIBRE,,LIBRE,,LIBRE,,LIBRE,
909,Guatimozín: Último Emperador de Méjico,Gertrudis Gómez de Avellaneda,1846,1873,Dominio público,PUBLICAR,LIBRE,,LIBRE,,LIBRE,,LIBRE,,LIBRE,,LIBRE,,LIBRE,,LIBRE,,LIBRE,,LIBRE,,LIBRE,,LIBRE,,LIBRE,,LIBRE,,LIBRE,,LIBRE,,LIBRE,,LIBRE,,LIBRE,,LIBRE,
913,La Velada del Helecho,Gertrudis Gómez de Avellaneda,1857,1873,Dominio público,PUBLICAR,LIBRE,,LIBRE,,LIBRE,,LIBRE,,LIBRE,,LIBRE,,LIBRE,,LIBRE,,LIBRE,,LIBRE,,LIBRE,,LIBRE,,LIBRE,,LIBRE,,LIBRE,,LIBRE,,LIBRE,,LIBRE,,LIBRE,,LIBRE,
920,Prosas dispersas,César Vallejo,s. f.,1938,Dominio público,"GEOBLOQUEAR:MX,PR,US",LIBRE,,LIBRE,,PROTEGIDO,2039,LIBRE,,LIBRE,,LIBRE,,REVISAR,,REVISAR,,LIBRE,,LIBRE,,LIBRE,,LIBRE,,LIBRE,,LIBRE,,LIBRE,,LIBRE,,LIBRE,,LIBRE,,LIBRE,,LIBRE,
917,Escalas,César Vallejo,1923,1938,Dominio público,GEOBLOQUEAR:MX,LIBRE,,LIBRE,,PROTEGIDO,2039,LIBRE,,LIBRE,,LIBRE,,LIBRE,,LIBRE,,LIBRE,,LIBRE,,LIBRE,,LIBRE,,LIBRE,,LIBRE,,LIBRE,,LIBRE,,LIBRE,,LIBRE,,LIBRE,,LIBRE,
918,Fabla Salvaje,César Vallejo,1923,1938,Dominio público,GEOBLOQUEAR:MX,LIBRE,,LIBRE,,PROTEGIDO,2039,LIBRE,,LIBRE,,LIBRE,,LIBRE,,LIBRE,,LIBRE,,LIBRE,,LIBRE,,LIBRE,,LIBRE,,LIBRE,,LIBRE,,LIBRE,,LIBRE,,LIBRE,,LIBRE,,LIBRE,
919,Hacia el Reino de los Sciris,César Vallejo,1928,1938,Dominio público,GEOBLOQUEAR:MX,LIBRE,,LIBRE,,PROTEGIDO,2039,LIBRE,,LIBRE,,LIBRE,,LIBRE,,LIBRE,,LIBRE,,LIBRE,,LIBRE,,LIBRE,,LIBRE,,LIBRE,,LIBRE,,LIBRE,,LIBRE,,LIBRE,,LIBRE,,LIBRE,
916,Rusia en 1931,César Vallejo,1931,1938,Dominio público,"GEOBLOQUEAR:MX,PR,US",LIBRE,,LIBRE,,PROTEGIDO,2039,LIBRE,,LIBRE,,LIBRE,,REVISAR,,REVISAR,,LIBRE,,LIBRE,,LIBRE,,LIBRE,,LIBRE,,LIBRE,,LIBRE,,LIBRE,,LIBRE,,LIBRE,,LIBRE,,LIBRE,
921,Estados Unidos,Domingo F. Sarmiento,1847,,Dominio público,PUBLICAR,LIBRE,,LIBRE,,LIBRE,,LIBRE,,LIBRE,,LIBRE,,LIBRE,,LIBRE,,LIBRE,,LIBRE,,LIBRE,,LIBRE,,LIBRE,,LIBRE,,LIBRE,,LIBRE,,LIBRE,,LIBRE,,LIBRE,,LIBRE,
922,Cuatro Conferencias sobre América del Sur,Clorinda Matto de Turner,1909,1909,Dominio público,PUBLICAR,LIBRE,,LIBRE,,LIBRE,,LIBRE,,LIBRE,,LIBRE,,LIBRE,,LIBRE,,LIBRE,,LIBRE,,LIBRE,,LIBRE,,LIBRE,,LIBRE,,LIBRE,,LIBRE,,LIBRE,,LIBRE,,LIBRE,,LIBRE,
950,Prehistoria de Puerto Rico,Cayetano Coll y Toste,1907,1930,Dominio público,GEOBLOQUEAR:MX,LIBRE,,LIBRE,,PROTEGIDO,2031,LIBRE,,LIBRE,,LIBRE,,LIBRE,,LIBRE,,LIBRE,,LIBRE,,LIBRE,,LIBRE,,LIBRE,,LIBRE,,LIBRE,,LIBRE,,LIBRE,,LIBRE,,LIBRE,,LIBRE,
951,Quilito,Carlos María Ocantos,1891,1949,Dominio público,GEOBLOQUEAR:MX,LIBRE,,LIBRE,,PROTEGIDO,2050,LIBRE,,LIBRE,,LIBRE,,LIBRE,,LIBRE,,LIBRE,,LIBRE,,LIBRE,,LIBRE,,LIBRE,,LIBRE,,LIBRE,,LIBRE,,LIBRE,,LIBRE,,LIBRE,,LIBRE,
952,Cuentos Populares en Chile,Ramón A. Laval,1923,1929,Dominio público,GEOBLOQUEAR:MX,LIBRE,,LIBRE,,PROTEGIDO,2030,LIBRE,,LIBRE,,LIBRE,,LIBRE,,LIBRE,,LIBRE,,LIBRE,,LIBRE,,LIBRE,,LIBRE,,LIBRE,,LIBRE,,LIBRE,,LIBRE,,LIBRE,,LIBRE,,LIBRE,
953,Cuentos Chilenos de Nunca Acabar,Ramón A. Laval,1925,1929,Dominio público,GEOBLOQUEAR:MX,LIBRE,,LIBRE,,PROTEGIDO,2030,LIBRE,,LIBRE,,LIBRE,,LIBRE,,LIBRE,,LIBRE,,LIBRE,,LIBRE,,LIBRE,,LIBRE,,LIBRE,,LIBRE,,LIBRE,,LIBRE,,LIBRE,,LIBRE,,LIBRE,
955,Colón en Puerto Rico,Cayetano Coll y Toste,1893,1930,Dominio público,GEOBLOQUEAR:MX,LIBRE,,LIBRE,,PROTEGIDO,2031,LIBRE,,LIBRE,,LIBRE,,LIBRE,,LIBRE,,LIBRE,,LIBRE,,LIBRE,,LIBRE,,LIBRE,,LIBRE,,LIBRE,,LIBRE,,LIBRE,,LIBRE,,LIBRE,,LIBRE,
954,Historia de la Instrucción Pública en Puerto Rico,Cayetano Coll y Toste,1910,1930,Dominio público,GEOBLOQUEAR:MX,LIBRE,,LIBRE,,PROTEGIDO,2031,LIBRE,,LIBRE,,LIBRE,,LIBRE,,LIBRE,,LIBRE,,LIBRE,,LIBRE,,LIBRE,,LIBRE,,LIBRE,,LIBRE,,LIBRE,,LIBRE,,LIBRE,,LIBRE,,LIBRE,
962,En Viaje (1881-1882),Miguel Cané,1884,1905,Dominio público,PUBLICAR,LIBRE,,LIBRE,,LIBRE,,LIBRE,,LIBRE,,LIBRE,,LIBRE,,LIBRE,,LIBRE,,LIBRE,,LIBRE,,LIBRE,,LIBRE,,LIBRE,,LIBRE,,LIBRE,,LIBRE,,LIBRE,,LIBRE,,LIBRE,
961,"Historia Verdadera de la Conquista de la Nueva España, tomo I",Bernal Díaz del Castillo,1568,,Dominio público,PUBLICAR,LIBRE,,LIBRE,,LIBRE,,LIBRE,,LIBRE,,LIBRE,,LIBRE,,LIBRE,,LIBRE,,LIBRE,,LIBRE,,LIBRE,,LIBRE,,LIBRE,,LIBRE,,LIBRE,,LIBRE,,LIBRE,,LIBRE,,LIBRE,
964,"Una Excursión a los Indios Ranqueles, tomo II",Lucio V. Mansilla,1870,1913,Dominio público,PUBLICAR,LIBRE,,LIBRE,,LIBRE,,LIBRE,,LIBRE,,LIBRE,,LIBRE,,LIBRE,,LIBRE,,LIBRE,,LIBRE,,LIBRE,,LIBRE,,LIBRE,,LIBRE,,LIBRE,,LIBRE,,LIBRE,,LIBRE,,LIBRE,
963,"Una Excursión a los Indios Ranqueles, tomo I",Lucio V. Mansilla,1870,1913,Dominio público,PUBLICAR,LIBRE,,LIBRE,,LIBRE,,LIBRE,,LIBRE,,LIBRE,,LIBRE,,LIBRE,,LIBRE,,LIBRE,,LIBRE,,LIBRE,,LIBRE,,LIBRE,,LIBRE,,LIBRE,,LIBRE,,LIBRE,,LIBRE,,LIBRE,
965,"Descripción Colonial, libro primero",Reginaldo de Lizárraga,1605,,Dominio público,PUBLICAR,LIBRE,,LIBRE,,LIBRE,,LIBRE,,LIBRE,,LIBRE,,LIBRE,,LIBRE,,LIBRE,,LIBRE,,LIBRE,,LIBRE,,LIBRE,,LIBRE,,LIBRE,,LIBRE,,LIBRE,,LIBRE,,LIBRE,,LIBRE,
966,"Descripción Colonial, libro segundo",Reginaldo de Lizárraga,1605,,Dominio público,PUBLICAR,LIBRE,,LIBRE,,LIBRE,,LIBRE,,LIBRE,,LIBRE,,LIBRE,,LIBRE,,LIBRE,,LIBRE,,LIBRE,,LIBRE,,LIBRE,,LIBRE,,LIBRE,,LIBRE,,LIBRE,,LIBRE,,LIBRE,,LIBRE,
967,Reglas y Consejos sobre Investigación Científica,Santiago Ramón y Cajal,1898,1934,Dominio público,GEOBLOQUEAR:MX,LIBRE,,LIBRE,,PROTEGIDO,2035,LIBRE,,LIBRE,,LIBRE,,LIBRE,,LIBRE,,LIBRE,,LIBRE,,LIBRE,,LIBRE,,LIBRE,,LIBRE,,LIBRE,,LIBRE,,LIBRE,,LIBRE,,LIBRE,,LIBRE,
968,"Recuerdos de mi Vida, tomo I",Santiago Ramón y Cajal,1901,1934,Dominio público,GEOBLOQUEAR:MX,LIBRE,,LIBRE,,PROTEGIDO,2035,LIBRE,,LIBRE,,LIBRE,,LIBRE,,LIBRE,,LIBRE,,LIBRE,,LIBRE,,LIBRE,,LIBRE,,LIBRE,,LIBRE,,LIBRE,,LIBRE,,LIBRE,,LIBRE,,LIBRE,
969,"Recuerdos de mi Vida, tomo II",Santiago Ramón y Cajal,1917,1934,Dominio público,GEOBLOQUEAR:MX,LIBRE,,LIBRE,,PROTEGIDO,2035,LIBRE,,LIBRE,,LIBRE,,LIBRE,,LIBRE,,LIBRE,,LIBRE,,LIBRE,,LIBRE,,LIBRE,,LIBRE,,LIBRE,,LIBRE,,LIBRE,,LIBRE,,LIBRE,,LIBRE,
970,Segunda Parte de la Crónica del Perú,Pedro Cieza de León,1553,,Dominio público,PUBLICAR,LIBRE,,LIBRE,,LIBRE,,LIBRE,,LIBRE,,LIBRE,,LIBRE,,LIBRE,,LIBRE,,LIBRE,,LIBRE,,LIBRE,,LIBRE,,LIBRE,,LIBRE,,LIBRE,,LIBRE,,LIBRE,,LIBRE,,LIBRE,
971,Antología Portorriqueña,Manuel Fernández Juncos,1913,1928,Dominio público,GEOBLOQUEAR:MX,LIBRE,,LIBRE,,PROTEGIDO,2029,LIBRE,,LIBRE,,LIBRE,,LIBRE,,LIBRE,,LIBRE,,LIBRE,,LIBRE,,LIBRE,,LIBRE,,LIBRE,,LIBRE,,LIBRE,,LIBRE,,LIBRE,,LIBRE,,LIBRE,
972,Contigo Pan y Cebolla,Manuel Eduardo de Gorostiza,1833,,Dominio público,PUBLICAR,LIBRE,,LIBRE,,LIBRE,,LIBRE,,LIBRE,,LIBRE,,LIBRE,,LIBRE,,LIBRE,,LIBRE,,LIBRE,,LIBRE,,LIBRE,,LIBRE,,LIBRE,,LIBRE,,LIBRE,,LIBRE,,LIBRE,,LIBRE,
974,Descripción de la Patagonia y de las Partes Adyacentes,Thomas Falkner,1774,,Dominio público,PUBLICAR,LIBRE,,LIBRE,,LIBRE,,LIBRE,,LIBRE,,LIBRE,,LIBRE,,LIBRE,,LIBRE,,LIBRE,,LIBRE,,LIBRE,,LIBRE,,LIBRE,,LIBRE,,LIBRE,,LIBRE,,LIBRE,,LIBRE,,LIBRE,
975,El origen del hombre,Charles Darwin,1871,1882,Dominio público,PUBLICAR,LIBRE,,LIBRE,,LIBRE,,LIBRE,,LIBRE,,LIBRE,,LIBRE,,LIBRE,,LIBRE,,LIBRE,,LIBRE,,LIBRE,,LIBRE,,LIBRE,,LIBRE,,LIBRE,,LIBRE,,LIBRE,,LIBRE,,LIBRE,
976,Historia General de la Medicina en Chile,Pedro Lautaro Ferrer,1904,1937,Dominio público,GEOBLOQUEAR:MX,LIBRE,,LIBRE,,PROTEGIDO,2038,LIBRE,,LIBRE,,LIBRE,,LIBRE,,LIBRE,,LIBRE,,LIBRE,,LIBRE,,LIBRE,,LIBRE,,LIBRE,,LIBRE,,LIBRE,,LIBRE,,LIBRE,,LIBRE,,LIBRE,
977,Modo de Hacer la Operación Cesárea,Josef Ribes y Manuel Bonafós,1805,,Dominio público,PUBLICAR,LIBRE,,LIBRE,,LIBRE,,LIBRE,,LIBRE,,LIBRE,,LIBRE,,LIBRE,,LIBRE,,LIBRE,,LIBRE,,LIBRE,,LIBRE,,LIBRE,,LIBRE,,LIBRE,,LIBRE,,LIBRE,,LIBRE,,LIBRE,
979,El Tamaño del Espacio,Leopoldo Lugones,1921,1938,Dominio público,GEOBLOQUEAR:MX,LIBRE,,LIBRE,,PROTEGIDO,2039,LIBRE,,LIBRE,,LIBRE,,LIBRE,,LIBRE,,LIBRE,,LIBRE,,LIBRE,,LIBRE,,LIBRE,,LIBRE,,LIBRE,,LIBRE,,LIBRE,,LIBRE,,LIBRE,,LIBRE,
978,Origen y Descubrimiento de la Vacuna,François Chaussier,1804,,Dominio público,PUBLICAR,LIBRE,,LIBRE,,LIBRE,,LIBRE,,LIBRE,,LIBRE,,LIBRE,,LIBRE,,LIBRE,,LIBRE,,LIBRE,,LIBRE,,LIBRE,,LIBRE,,LIBRE,,LIBRE,,LIBRE,,LIBRE,,LIBRE,,LIBRE,
959,"Escritos Políticos, Económicos y Literarios",Florencio Varela,1859,1848,Dominio público,PUBLICAR,LIBRE,,LIBRE,,LIBRE,,LIBRE,,LIBRE,,LIBRE,,LIBRE,,LIBRE,,LIBRE,,LIBRE,,LIBRE,,LIBRE,,LIBRE,,LIBRE,,LIBRE,,LIBRE,,LIBRE,,LIBRE,,LIBRE,,LIBRE,
958,"Viaje a los Estados Unidos, tomo III",Guillermo Prieto,1878,1897,Dominio público,PUBLICAR,LIBRE,,LIBRE,,LIBRE,,LIBRE,,LIBRE,,LIBRE,,LIBRE,,LIBRE,,LIBRE,,LIBRE,,LIBRE,,LIBRE,,LIBRE,,LIBRE,,LIBRE,,LIBRE,,LIBRE,,LIBRE,,LIBRE,,LIBRE,
957,"Viaje a los Estados Unidos, tomo II",Guillermo Prieto,1877,1897,Dominio público,PUBLICAR,LIBRE,,LIBRE,,LIBRE,,LIBRE,,LIBRE,,LIBRE,,LIBRE,,LIBRE,,LIBRE,,LIBRE,,LIBRE,,LIBRE,,LIBRE,,LIBRE,,LIBRE,,LIBRE,,LIBRE,,LIBRE,,LIBRE,,LIBRE,
956,"Viaje a los Estados Unidos, tomo I",Guillermo Prieto,1877,1897,Dominio público,PUBLICAR,LIBRE,,LIBRE,,LIBRE,,LIBRE,,LIBRE,,LIBRE,,LIBRE,,LIBRE,,LIBRE,,LIBRE,,LIBRE,,LIBRE,,LIBRE,,LIBRE,,LIBRE,,LIBRE,,LIBRE,,LIBRE,,LIBRE,,LIBRE,
973,"Descripción Geográfica, Histórica y Estadística de Bolivia",Alcide d'Orbigny,1845,,Dominio público,PUBLICAR,LIBRE,,LIBRE,,LIBRE,,LIBRE,,LIBRE,,LIBRE,,LIBRE,,LIBRE,,LIBRE,,LIBRE,,LIBRE,,LIBRE,,LIBRE,,LIBRE,,LIBRE,,LIBRE,,LIBRE,,LIBRE,,LIBRE,,LIBRE,
960,Del Plata al Niágara,Paul Groussac,1897,1929,Dominio público,GEOBLOQUEAR:MX,LIBRE,,LIBRE,,PROTEGIDO,2030,LIBRE,,LIBRE,,LIBRE,,LIBRE,,LIBRE,,LIBRE,,LIBRE,,LIBRE,,LIBRE,,LIBRE,,LIBRE,,LIBRE,,LIBRE,,LIBRE,,LIBRE,,LIBRE,,LIBRE,
980,Juvenilia,Miguel Cané,1884,1905,Dominio público,PUBLICAR,LIBRE,,LIBRE,,LIBRE,,LIBRE,,LIBRE,,LIBRE,,LIBRE,,LIBRE,,LIBRE,,LIBRE,,LIBRE,,LIBRE,,LIBRE,,LIBRE,,LIBRE,,LIBRE,,LIBRE,,LIBRE,,LIBRE,,LIBRE,
981,"Historia Verdadera de la Conquista de la Nueva España, tomo II",Bernal Díaz del Castillo,1568,,Dominio público,PUBLICAR,LIBRE,,LIBRE,,LIBRE,,LIBRE,,LIBRE,,LIBRE,,LIBRE,,LIBRE,,LIBRE,,LIBRE,,LIBRE,,LIBRE,,LIBRE,,LIBRE,,LIBRE,,LIBRE,,LIBRE,,LIBRE,,LIBRE,,LIBRE,
982,"Historia Verdadera de la Conquista de la Nueva España, tomo III",Bernal Díaz del Castillo,1568,,Dominio público,PUBLICAR,LIBRE,,LIBRE,,LIBRE,,LIBRE,,LIBRE,,LIBRE,,LIBRE,,LIBRE,,LIBRE,,LIBRE,,LIBRE,,LIBRE,,LIBRE,,LIBRE,,LIBRE,,LIBRE,,LIBRE,,LIBRE,,LIBRE,,LIBRE,
983,Suma y Narración de los Incas,Juan de Betanzos,1551,,Dominio público,PUBLICAR,LIBRE,,LIBRE,,LIBRE,,LIBRE,,LIBRE,,LIBRE,,LIBRE,,LIBRE,,LIBRE,,LIBRE,,LIBRE,,LIBRE,,LIBRE,,LIBRE,,LIBRE,,LIBRE,,LIBRE,,LIBRE,,LIBRE,,LIBRE,
984,Moral Social,Eugenio María de Hostos,1888,1903,Dominio público,PUBLICAR,LIBRE,,LIBRE,,LIBRE,,LIBRE,,LIBRE,,LIBRE,,LIBRE,,LIBRE,,LIBRE,,LIBRE,,LIBRE,,LIBRE,,LIBRE,,LIBRE,,LIBRE,,LIBRE,,LIBRE,,LIBRE,,LIBRE,,LIBRE,
985,La Gran Aldea,Lucio Vicente López,1884,1894,Dominio público,PUBLICAR,LIBRE,,LIBRE,,LIBRE,,LIBRE,,LIBRE,,LIBRE,,LIBRE,,LIBRE,,LIBRE,,LIBRE,,LIBRE,,LIBRE,,LIBRE,,LIBRE,,LIBRE,,LIBRE,,LIBRE,,LIBRE,,LIBRE,,LIBRE,
986,El Corazón Juglar,Luis G. Urbina,1920,1934,Dominio público,GEOBLOQUEAR:MX,LIBRE,,LIBRE,,PROTEGIDO,2035,LIBRE,,LIBRE,,LIBRE,,LIBRE,,LIBRE,,LIBRE,,LIBRE,,LIBRE,,LIBRE,,LIBRE,,LIBRE,,LIBRE,,LIBRE,,LIBRE,,LIBRE,,LIBRE,,LIBRE,
987,Estampas de Viaje,Luis G. Urbina,1920,1934,Dominio público,GEOBLOQUEAR:MX,LIBRE,,LIBRE,,PROTEGIDO,2035,LIBRE,,LIBRE,,LIBRE,,LIBRE,,LIBRE,,LIBRE,,LIBRE,,LIBRE,,LIBRE,,LIBRE,,LIBRE,,LIBRE,,LIBRE,,LIBRE,,LIBRE,,LIBRE,,LIBRE,
988,Rimas,Bartolomé Mitre,1854,1906,Dominio público,PUBLICAR,LIBRE,,LIBRE,,LIBRE,,LIBRE,,LIBRE,,LIBRE,,LIBRE,,LIBRE,,LIBRE,,LIBRE,,LIBRE,,LIBRE,,LIBRE,,LIBRE,,LIBRE,,LIBRE,,LIBRE,,LIBRE,,LIBRE,,LIBRE,
989,Nuevas Poesías y Evangélicas,Almafuerte,1918,1917,Dominio público,PUBLICAR,LIBRE,,LIBRE,,LIBRE,,LIBRE,,LIBRE,,LIBRE,,LIBRE,,LIBRE,,LIBRE,,LIBRE,,LIBRE,,LIBRE,,LIBRE,,LIBRE,,LIBRE,,LIBRE,,LIBRE,,LIBRE,,LIBRE,,LIBRE,
997,Poetas de Color,Francisco Calcagno,1878,1903,Dominio público,PUBLICAR,LIBRE,,LIBRE,,LIBRE,,LIBRE,,LIBRE,,LIBRE,,LIBRE,,LIBRE,,LIBRE,,LIBRE,,LIBRE,,LIBRE,,LIBRE,,LIBRE,,LIBRE,,LIBRE,,LIBRE,,LIBRE,,LIBRE,,LIBRE,
990,Exploración Arqueológica de la Provincia de Catamarca,Francisco Pascasio Moreno,1890,1919,Dominio público,PUBLICAR,LIBRE,,LIBRE,,LIBRE,,LIBRE,,LIBRE,,LIBRE,,LIBRE,,LIBRE,,LIBRE,,LIBRE,,LIBRE,,LIBRE,,LIBRE,,LIBRE,,LIBRE,,LIBRE,,LIBRE,,LIBRE,,LIBRE,,LIBRE,
992,Estudios Americanos,Martín García Mérou,1900,1905,Dominio público,PUBLICAR,LIBRE,,LIBRE,,LIBRE,,LIBRE,,LIBRE,,LIBRE,,LIBRE,,LIBRE,,LIBRE,,LIBRE,,LIBRE,,LIBRE,,LIBRE,,LIBRE,,LIBRE,,LIBRE,,LIBRE,,LIBRE,,LIBRE,,LIBRE,
996,Historia de la Conquista de la Habana (1762),Pedro José Guiteras,1856,1890,Dominio público,PUBLICAR,LIBRE,,LIBRE,,LIBRE,,LIBRE,,LIBRE,,LIBRE,,LIBRE,,LIBRE,,LIBRE,,LIBRE,,LIBRE,,LIBRE,,LIBRE,,LIBRE,,LIBRE,,LIBRE,,LIBRE,,LIBRE,,LIBRE,,LIBRE,
994,Lo Que Dice la Historia,Salvador Brau,1893,1912,Dominio público,PUBLICAR,LIBRE,,LIBRE,,LIBRE,,LIBRE,,LIBRE,,LIBRE,,LIBRE,,LIBRE,,LIBRE,,LIBRE,,LIBRE,,LIBRE,,LIBRE,,LIBRE,,LIBRE,,LIBRE,,LIBRE,,LIBRE,,LIBRE,,LIBRE,
995,Rafael Cordero: Elogio Póstumo,Salvador Brau,1891,1912,Dominio público,PUBLICAR,LIBRE,,LIBRE,,LIBRE,,LIBRE,,LIBRE,,LIBRE,,LIBRE,,LIBRE,,LIBRE,,LIBRE,,LIBRE,,LIBRE,,LIBRE,,LIBRE,,LIBRE,,LIBRE,,LIBRE,,LIBRE,,LIBRE,,LIBRE,
993,A Flor de Piel,Gustavo Sánchez Galarraga,1919,1936,Dominio público,GEOBLOQUEAR:MX,LIBRE,,LIBRE,,PROTEGIDO,2037,LIBRE,,LIBRE,,LIBRE,,LIBRE,,LIBRE,,LIBRE,,LIBRE,,LIBRE,,LIBRE,,LIBRE,,LIBRE,,LIBRE,,LIBRE,,LIBRE,,LIBRE,,LIBRE,,LIBRE,
991,El Campesino Puertorriqueño,Francisco del Valle Atiles,1887,1928,Dominio público,GEOBLOQUEAR:MX,LIBRE,,LIBRE,,PROTEGIDO,2029,LIBRE,,LIBRE,,LIBRE,,LIBRE,,LIBRE,,LIBRE,,LIBRE,,LIBRE,,LIBRE,,LIBRE,,LIBRE,,LIBRE,,LIBRE,,LIBRE,,LIBRE,,LIBRE,,LIBRE,
998,Comentarios del Pueblo Araucano,Manuel Manquilef,1911,1950,Dominio público,GEOBLOQUEAR:MX,LIBRE,,LIBRE,,PROTEGIDO,2051,LIBRE,,LIBRE,,LIBRE,,LIBRE,,LIBRE,,LIBRE,,LIBRE,,LIBRE,,LIBRE,,LIBRE,,LIBRE,,LIBRE,,LIBRE,,LIBRE,,LIBRE,,LIBRE,,LIBRE,
999,Lecturas Araucanas,Félix José de Augusta,1910,1935,Dominio público,GEOBLOQUEAR:MX,LIBRE,,LIBRE,,PROTEGIDO,2036,LIBRE,,LIBRE,,LIBRE,,LIBRE,,LIBRE,,LIBRE,,LIBRE,,LIBRE,,LIBRE,,LIBRE,,LIBRE,,LIBRE,,LIBRE,,LIBRE,,LIBRE,,LIBRE,,LIBRE,
1000,Las maravillas del cielo,Roque Gálvez y Encinar,1876,1940,Dominio público,GEOBLOQUEAR:MX,LIBRE,,LIBRE,,PROTEGIDO,2041,LIBRE,,LIBRE,,LIBRE,,LIBRE,,LIBRE,,LIBRE,,LIBRE,,LIBRE,,LIBRE,,LIBRE,,LIBRE,,LIBRE,,LIBRE,,LIBRE,,LIBRE,,LIBRE,,LIBRE,
1001,SciELO — Scientific Electronic Library Online,Red SciELO,,,Acceso abierto,REVISAR,REVISAR,,REVISAR,,REVISAR,,REVISAR,,REVISAR,,REVISAR,,REVISAR,,REVISAR,,REVISAR,,REVISAR,,REVISAR,,REVISAR,,REVISAR,,REVISAR,,REVISAR,,REVISAR,,REVISAR,,REVISAR,,REVISAR,,REVISAR,
1002,Redalyc — Red de Revistas Científicas de América Latina y el Caribe,Universidad Autónoma del Estado de México,,,Acceso abierto,REVISAR,REVISAR,,REVISAR,,REVISAR,,REVISAR,,REVISAR,,REVISAR,,REVISAR,,REVISAR,,REVISAR,,REVISAR,,REVISAR,,REVISAR,,REVISAR,,REVISAR,,REVISAR,,REVISAR,,REVISAR,,REVISAR,,REVISAR,,REVISAR,
1003,La Referencia — Red Federada de Repositorios Institucionales,LA Referencia,,,Acceso abierto,REVISAR,REVISAR,,REVISAR,,REVISAR,,REVISAR,,REVISAR,,REVISAR,,REVISAR,,REVISAR,,REVISAR,,REVISAR,,REVISAR,,REVISAR,,REVISAR,,REVISAR,,REVISAR,,REVISAR,,REVISAR,,REVISAR,,REVISAR,,REVISAR,
1004,Portal de Repositorios Latinoamericanos,Universidad de Chile,,,Acceso abierto,REVISAR,REVISAR,,REVISAR,,REVISAR,,REVISAR,,REVISAR,,REVISAR,,REVISAR,,REVISAR,,REVISAR,,REVISAR,,REVISAR,,REVISAR,,REVISAR,,REVISAR,,REVISAR,,REVISAR,,REVISAR,,REVISAR,,REVISAR,,REVISAR,
1005,Latindex — Sistema Regional de Información en Línea,Universidad Nacional Autónoma de México,,,Acceso abierto,REVISAR,REVISAR,,REVISAR,,REVISAR,,REVISAR,,REVISAR,,REVISAR,,REVISAR,,REVISAR,,REVISAR,,REVISAR,,REVISAR,,REVISAR,,REVISAR,,REVISAR,,REVISAR,,REVISAR,,REVISAR,,REVISAR,,REVISAR,,REVISAR,
1006,Biblioteca CLACSO,Consejo Latinoamericano de Ciencias Sociales,,,Acceso abierto,REVISAR,REVISAR,,REVISAR,,REVISAR,,REVISAR,,REVISAR,,REVISAR,,REVISAR,,REVISAR,,REVISAR,,REVISAR,,REVISAR,,REVISAR,,REVISAR,,REVISAR,,REVISAR,,REVISAR,,REVISAR,,REVISAR,,REVISAR,,REVISAR,
1007,DOAJ — Directory of Open Access Journals,DOAJ,,,Acceso abierto,REVISAR,REVISAR,,REVISAR,,REVISAR,,REVISAR,,REVISAR,,REVISAR,,REVISAR,,REVISAR,,REVISAR,,REVISAR,,REVISAR,,REVISAR,,REVISAR,,REVISAR,,REVISAR,,REVISAR,,REVISAR,,REVISAR,,REVISAR,,REVISAR,
1008,Repositorio Nacional CONAHCYT,"Consejo Nacional de Humanidades, Ciencias y Tecnologías",,,Acceso abierto,REVISAR,REVISAR,,REVISAR,,REVISAR,,REVISAR,,REVISAR,,REVISAR,,REVISAR,,REVISAR,,REVISAR,,REVISAR,,REVISAR,,REVISAR,,REVISAR,,REVISAR,,REVISAR,,REVISAR,,REVISAR,,REVISAR,,REVISAR,,REVISAR,
1009,SNRD — Sistema Nacional de Repositorios Digitales,"Ministerio de Ciencia, Tecnología e Innovación",,,Acceso abierto,REVISAR,REVISAR,,REVISAR,,REVISAR,,REVISAR,,REVISAR,,REVISAR,,REVISAR,,REVISAR,,REVISAR,,REVISAR,,REVISAR,,REVISAR,,REVISAR,,REVISAR,,REVISAR,,REVISAR,,REVISAR,,REVISAR,,REVISAR,,REVISAR,
1010,SciELO Chile,"Programa de Información Científica, ANID",,,Acceso abierto,REVISAR,REVISAR,,REVISAR,,REVISAR,,REVISAR,,REVISAR,,REVISAR,,REVISAR,,REVISAR,,REVISAR,,REVISAR,,REVISAR,,REVISAR,,REVISAR,,REVISAR,,REVISAR,,REVISAR,,REVISAR,,REVISAR,,REVISAR,,REVISAR,
1011,SciELO México,Universidad Nacional Autónoma de México,,,Acceso abierto,REVISAR,REVISAR,,REVISAR,,REVISAR,,REVISAR,,REVISAR,,REVISAR,,REVISAR,,REVISAR,,REVISAR,,REVISAR,,REVISAR,,REVISAR,,REVISAR,,REVISAR,,REVISAR,,REVISAR,,REVISAR,,REVISAR,,REVISAR,,REVISAR,
1012,SciELO Argentina,CAICYT-CONICET,,,Acceso abierto,REVISAR,REVISAR,,REVISAR,,REVISAR,,REVISAR,,REVISAR,,REVISAR,,REVISAR,,REVISAR,,REVISAR,,REVISAR,,REVISAR,,REVISAR,,REVISAR,,REVISAR,,REVISAR,,REVISAR,,REVISAR,,REVISAR,,REVISAR,,REVISAR,
1013,SciELO Colombia,Universidad Nacional de Colombia,,,Acceso abierto,REVISAR,REVISAR,,REVISAR,,REVISAR,,REVISAR,,REVISAR,,REVISAR,,REVISAR,,REVISAR,,REVISAR,,REVISAR,,REVISAR,,REVISAR,,REVISAR,,REVISAR,,REVISAR,,REVISAR,,REVISAR,,REVISAR,,REVISAR,,REVISAR,
1014,Memoria Chilena,Biblioteca Nacional de Chile,,,Acceso abierto,REVISAR,REVISAR,,REVISAR,,REVISAR,,REVISAR,,REVISAR,,REVISAR,,REVISAR,,REVISAR,,REVISAR,,REVISAR,,REVISAR,,REVISAR,,REVISAR,,REVISAR,,REVISAR,,REVISAR,,REVISAR,,REVISAR,,REVISAR,,REVISAR,
1015,Biblioteca Digital Mundial,UNESCO y Biblioteca del Congreso,,,Acceso abierto,REVISAR,REVISAR,,REVISAR,,REVISAR,,REVISAR,,REVISAR,,REVISAR,,REVISAR,,REVISAR,,REVISAR,,REVISAR,,REVISAR,,REVISAR,,REVISAR,,REVISAR,,REVISAR,,REVISAR,,REVISAR,,REVISAR,,REVISAR,,REVISAR,
1016,Biblioteca Digital del Patrimonio Iberoamericano,Asociación de Bibliotecas Nacionales de Iberoamérica,,,Acceso abierto,REVISAR,REVISAR,,REVISAR,,REVISAR,,REVISAR,,REVISAR,,REVISAR,,REVISAR,,REVISAR,,REVISAR,,REVISAR,,REVISAR,,REVISAR,,REVISAR,,REVISAR,,REVISAR,,REVISAR,,REVISAR,,REVISAR,,REVISAR,,REVISAR,
1017,Biblioteca Digital Hispánica,Biblioteca Nacional de España,,,Acceso abierto,REVISAR,REVISAR,,REVISAR,,REVISAR,,REVISAR,,REVISAR,,REVISAR,,REVISAR,,REVISAR,,REVISAR,,REVISAR,,REVISAR,,REVISAR,,REVISAR,,REVISAR,,REVISAR,,REVISAR,,REVISAR,,REVISAR,,REVISAR,,REVISAR,
